"nbPassengers","operatingAirline","bookingStatus","originAirport","destinationAirport","departureDate","arrivalDate"
1,"af","confirmed","ory","run","2019-05-02T17:50:00Z","2019-05-03T06:50:00Z"
1,"af","confirmed","ory","tls","2019-07-17T20:50:00Z","2019-07-17T22:05:00Z"
8,"af","confirmed","bud","cdg","2019-03-17T16:25:00Z","2019-03-17T18:45:00Z"
8,"af","confirmed","cdg","bud","2019-03-14T20:55:00Z","2019-03-14T23:05:00Z"
1,"af","confirmed","ory","pgf","2019-03-23T09:10:00Z","2019-03-23T10:30:00Z"
1,"af","confirmed","pgf","ory","2019-03-24T13:50:00Z","2019-03-24T15:20:00Z"
4,"af","confirmed","ory","bia","2019-04-17T11:10:00Z","2019-04-17T12:55:00Z"
4,"af","confirmed","ory","bod","2019-04-24T16:50:00Z","2019-04-24T18:00:00Z"
1,"a5","confirmed","rns","mrs","2019-04-02T18:45:00Z","2019-04-02T20:15:00Z"
1,"a5","confirmed","mrs","rns","2019-03-28T08:35:00Z","2019-03-28T10:10:00Z"
20,"kl","confirmed","gla","ams","2019-03-27T09:00:00Z","2019-03-27T11:40:00Z"
20,"kl","confirmed","ams","gla","2019-03-17T21:25:00Z","2019-03-17T22:00:00Z"
2,"ey","confirmed","mel","auh","2019-04-02T16:55:00Z","2019-04-03T00:05:00Z"
2,"qf","confirmed","sin","mel","2019-03-18T19:40:00Z","2019-03-19T06:00:00Z"
1,"af","confirmed","lhr","cdg","2019-03-18T15:35:00Z","2019-03-18T17:55:00Z"
"","","","","","",""
2,"kl","confirmed","bud","ams","2019-08-06T11:30:00Z","2019-08-06T13:40:00Z"
2,"kl","confirmed","ams","bud","2019-08-01T08:50:00Z","2019-08-01T10:45:00Z"
2,"kl","confirmed","gla","ams","2019-06-18T06:05:00Z","2019-06-18T08:45:00Z"
2,"9w","confirmed","ams","del","2019-06-18T11:40:00Z","2019-06-18T23:25:00Z"
1,"ws","confirmed","yyc","ylw","2019-07-30T15:00:00Z","2019-07-30T15:12:00Z"
1,"kl","confirmed","ams","yyc","2019-07-30T12:25:00Z","2019-07-30T13:25:00Z"
8,"ba","confirmed","cpt","dur","2019-03-10T17:30:00Z","2019-03-10T19:30:00Z"
8,"af","confirmed","jnb","cdg","2019-03-17T19:50:00Z","2019-03-18T05:45:00Z"
1,"af","confirmed","ory","nce","2019-08-26T11:30:00Z","2019-08-26T12:55:00Z"
1,"af","confirmed","nce","ory","2019-08-22T10:40:00Z","2019-08-22T12:05:00Z"
1,"a5","confirmed","tls","sxb","2019-05-19T20:30:00Z","2019-05-19T22:00:00Z"
"","","","","","",""
2,"dl","confirmed","jfk","mco","2019-03-26T19:29:00Z","2019-03-26T22:29:00Z"
2,"kl","confirmed","ams","jfk","2019-03-26T13:30:00Z","2019-03-26T16:45:00Z"
2,"os","confirmed","vie","cdg","2019-06-02T12:50:00Z","2019-06-02T14:50:00Z"
2,"os","confirmed","cdg","vie","2019-05-29T10:00:00Z","2019-05-29T12:00:00Z"
4,"af","confirmed","cdg","ncl","2019-07-29T15:35:00Z","2019-07-29T16:20:00Z"
4,"af","confirmed","ncl","cdg","2019-07-22T06:00:00Z","2019-07-22T08:55:00Z"
1,"af","confirmed","cdg","pvg","2019-03-20T23:25:00Z","2019-03-21T17:45:00Z"
1,"af","confirmed","haj","cdg","2019-03-20T20:15:00Z","2019-03-20T21:55:00Z"
1,"cz","confirmed","pek","ams","2019-03-18T00:30:00Z","2019-03-18T04:40:00Z"
1,"kl","confirmed","ams","lim","2019-03-18T12:35:00Z","2019-03-18T19:15:00Z"
1,"af","confirmed","cdg","dub","2019-03-15T09:50:00Z","2019-03-15T10:50:00Z"
1,"af","confirmed","dub","cdg","2019-03-18T17:00:00Z","2019-03-18T20:00:00Z"
1,"af","confirmed","lhr","cdg","2019-03-18T15:35:00Z","2019-03-18T17:55:00Z"
1,"af","confirmed","cdg","lhr","2019-03-17T18:05:00Z","2019-03-17T18:20:00Z"
1,"af","confirmed","cdg","mia","2019-03-18T10:10:00Z","2019-03-18T15:10:00Z"
1,"af","confirmed","mia","cdg","2019-06-13T19:40:00Z","2019-06-14T10:40:00Z"
1,"kl","confirmed","gla","ams","2019-06-28T10:45:00Z","2019-06-28T13:20:00Z"
1,"kl","confirmed","ams","gla","2019-07-01T09:30:00Z","2019-07-01T10:00:00Z"
4,"af","confirmed","ncl","cdg","2019-07-22T06:00:00Z","2019-07-22T08:55:00Z"
4,"af","confirmed","cdg","ncl","2019-07-29T15:35:00Z","2019-07-29T16:20:00Z"
3,"dl","confirmed","ams","mco","2019-04-20T14:45:00Z","2019-04-20T19:11:00Z"
3,"dl","confirmed","mco","ams","2019-05-03T21:32:00Z","2019-05-04T12:45:00Z"
3,"af","confirmed","jfk","cdg","2019-08-25T23:55:00Z","2019-08-26T13:10:00Z"
3,"af","confirmed","cdg","bos","2019-08-01T14:05:00Z","2019-08-01T15:55:00Z"
2,"kl","confirmed","svg","ams","2019-03-18T17:20:00Z","2019-03-18T18:55:00Z"
2,"kl","confirmed","svo","ams","2019-03-27T05:30:00Z","2019-03-27T07:10:00Z"
2,"cz","confirmed","cdg","can","2019-02-17T11:45:00Z","2019-02-18T06:20:00Z"
2,"af","confirmed","pek","cdg","2019-03-18T01:00:00Z","2019-03-18T05:15:00Z"
1,"af","confirmed","nce","cdg","2019-07-30T19:05:00Z","2019-07-30T20:40:00Z"
"","","","","","",""
3,"oz","confirmed","icn","syd","2019-03-31T20:00:00Z","2019-04-01T08:30:00Z"
3,"kl","confirmed","mad","ams","2019-04-12T12:50:00Z","2019-04-12T15:25:00Z"
1,"af","confirmed","nce","ory","2019-08-22T10:40:00Z","2019-08-22T12:05:00Z"
1,"af","confirmed","ory","nce","2019-08-26T11:30:00Z","2019-08-26T12:55:00Z"
2,"kl","confirmed","ams","man","2020-02-06T09:35:00Z","2020-02-06T09:55:00Z"
2,"ey","confirmed","cdg","auh","2020-01-15T20:45:00Z","2020-01-16T06:30:00Z"
1,"kl","confirmed","ams","bru","2019-03-29T16:50:00Z","2019-03-29T17:30:00Z"
1,"cz","confirmed","ams","pek","2019-03-18T14:10:00Z","2019-03-19T06:55:00Z"
1,"af","confirmed","beg","cdg","2019-06-16T15:25:00Z","2019-06-16T17:55:00Z"
1,"af","confirmed","cdg","beg","2019-06-13T12:20:00Z","2019-06-13T14:35:00Z"
1,"af","confirmed","cdg","mia","2019-06-25T13:40:00Z","2019-06-25T17:10:00Z"
1,"dl","confirmed","atl","ams","2019-09-02T17:27:00Z","2019-09-03T08:05:00Z"
1,"kl","confirmed","lhr","ams","2019-03-14T14:05:00Z","2019-03-14T16:20:00Z"
1,"kl","confirmed","ams","lhr","2019-03-18T15:45:00Z","2019-03-18T16:05:00Z"
1,"af","confirmed","cdg","mrs","2019-07-13T09:50:00Z","2019-07-13T11:10:00Z"
"","","","","","",""
1,"kl","confirmed","ams","lhr","2019-03-20T07:20:00Z","2019-03-20T07:40:00Z"
1,"kl","confirmed","ams","los","2019-03-26T13:25:00Z","2019-03-26T20:05:00Z"
2,"af","confirmed","pgf","ory","2019-04-25T13:50:00Z","2019-04-25T15:20:00Z"
2,"af","confirmed","ory","pgf","2019-04-20T17:15:00Z","2019-04-20T18:35:00Z"
1,"kl","confirmed","ams","kbp","2019-03-21T09:25:00Z","2019-03-21T13:10:00Z"
1,"af","confirmed","cdg","yyz","2019-06-26T13:50:00Z","2019-06-26T16:10:00Z"
1,"af","confirmed","cdg","lys","2019-03-18T16:50:00Z","2019-03-18T17:55:00Z"
1,"sn","confirmed","bru","waw","2019-03-19T21:00:00Z","2019-03-19T23:00:00Z"
2,"kl","confirmed","ams","atl","2019-03-29T16:50:00Z","2019-03-29T21:25:00Z"
2,"kl","confirmed","atl","ams","2019-03-17T23:25:00Z","2019-03-18T12:25:00Z"
8,"a5","confirmed","lys","tls","2019-03-17T20:25:00Z","2019-03-17T21:25:00Z"
8,"a5","confirmed","fco","lys","2019-03-17T17:55:00Z","2019-03-17T19:30:00Z"
2,"kl","confirmed","bud","ams","2019-07-14T11:30:00Z","2019-07-14T13:40:00Z"
2,"kl","confirmed","ams","prg","2019-07-04T12:05:00Z","2019-07-04T13:35:00Z"
1,"kl","confirmed","eze","scl","2019-03-11T08:55:00Z","2019-03-11T11:05:00Z"
1,"kl","confirmed","scl","eze","2019-03-18T12:45:00Z","2019-03-18T14:35:00Z"
3,"af","confirmed","cdg","bcn","2019-04-20T21:05:00Z","2019-04-20T22:55:00Z"
3,"af","confirmed","bcn","cdg","2019-04-26T20:25:00Z","2019-04-26T22:20:00Z"
3,"kq","confirmed","fna","nbo","2019-03-17T17:10:00Z","2019-03-18T05:35:00Z"
3,"kq","confirmed","nbo","bom","2019-03-18T07:00:00Z","2019-03-18T15:45:00Z"
1,"kl","confirmed","eze","scl","2019-03-11T08:55:00Z","2019-03-11T11:05:00Z"
1,"kl","confirmed","scl","eze","2019-03-18T12:45:00Z","2019-03-18T14:35:00Z"
2,"kl","confirmed","tls","ams","2019-03-19T13:30:00Z","2019-03-19T15:30:00Z"
2,"kl","confirmed","osl","ams","2019-03-25T17:00:00Z","2019-03-25T18:55:00Z"
1,"af","confirmed","ptp","ory","2019-03-21T18:00:00Z","2019-03-22T07:00:00Z"
1,"af","confirmed","ory","ptp","2019-03-28T11:45:00Z","2019-03-28T15:25:00Z"
1,"kl","confirmed","pek","ams","2019-03-29T11:55:00Z","2019-03-29T15:30:00Z"
1,"cz","confirmed","ams","pek","2019-03-18T14:10:00Z","2019-03-19T06:55:00Z"
2,"af","confirmed","ptp","ory","2019-05-10T17:15:00Z","2019-05-11T07:15:00Z"
2,"af","confirmed","lrh","ory","2019-04-27T08:30:00Z","2019-04-27T09:55:00Z"
1,"kl","confirmed","sfo","ams","2019-07-10T16:30:00Z","2019-07-11T11:50:00Z"
1,"kl","confirmed","ams","sfo","2019-07-06T09:50:00Z","2019-07-06T11:45:00Z"
2,"af","confirmed","cdg","nce","2019-03-17T15:20:00Z","2019-03-17T16:50:00Z"
"","","","","","",""
1,"af","seat_available","txl","cdg","2019-03-17T18:05:00Z","2019-03-17T19:55:00Z"
"","","","","","",""
1,"kl","confirmed","ams","muc","2019-05-30T07:15:00Z","2019-05-30T08:40:00Z"
1,"kl","confirmed","muc","ams","2019-06-02T11:50:00Z","2019-06-02T13:25:00Z"
2,"kl","confirmed","los","ams","2019-04-02T21:45:00Z","2019-04-03T05:45:00Z"
2,"dl","confirmed","iah","los","2019-03-17T19:56:00Z","2019-03-18T15:35:00Z"
1,"af","confirmed","cdg","mia","2019-06-25T13:40:00Z","2019-06-25T17:10:00Z"
1,"dl","confirmed","atl","ams","2019-09-02T17:27:00Z","2019-09-03T08:05:00Z"
1,"kl","confirmed","ams","atl","2019-03-29T09:35:00Z","2019-03-29T14:15:00Z"
1,"kl","confirmed","vie","ams","2019-03-17T12:15:00Z","2019-03-17T14:10:00Z"
2,"kl","unaccepted","ams","dxb","2019-03-17T14:35:00Z","2019-03-18T00:05:00Z"
2,"kl","confirmed","ams","dxb","2019-03-17T17:10:00Z","2019-03-18T02:55:00Z"
1,"af","confirmed","bia","ory","2019-06-02T13:05:00Z","2019-06-02T14:45:00Z"
1,"xk","confirmed","ory","bia","2019-06-07T21:25:00Z","2019-06-07T23:00:00Z"
2,"dl","confirmed","msp","dfw","2019-09-14T14:30:00Z","2019-09-14T17:10:00Z"
2,"lh","confirmed","dfw","fra","2019-08-09T16:00:00Z","2019-08-10T08:50:00Z"
1,"af","seat_available","fco","cdg","2019-03-18T13:05:00Z","2019-03-18T15:20:00Z"
"","","","","","",""
1,"kq","confirmed","nbo","mba","2019-03-25T10:00:00Z","2019-03-25T11:00:00Z"
"","","","","","",""
2,"af","confirmed","pgf","ory","2019-04-25T13:50:00Z","2019-04-25T15:20:00Z"
2,"af","confirmed","ory","pgf","2019-04-20T17:15:00Z","2019-04-20T18:35:00Z"
2,"kl","confirmed","eze","ams","2019-04-08T15:35:00Z","2019-04-09T09:55:00Z"
2,"kl","confirmed","ams","eze","2019-03-27T20:55:00Z","2019-03-28T06:45:00Z"
1,"cz","confirmed","ams","pek","2019-03-18T14:10:00Z","2019-03-19T06:55:00Z"
1,"kl","unaccepted","ams","pek","2019-03-17T17:30:00Z","2019-03-18T09:55:00Z"
3,"af","confirmed","tls","ory","2019-05-10T10:20:00Z","2019-05-10T11:40:00Z"
3,"af","confirmed","ory","tls","2019-05-12T17:45:00Z","2019-05-12T19:00:00Z"
5,"kl","confirmed","dps","ams","2019-10-07T20:35:00Z","2019-10-08T07:35:00Z"
5,"kl","confirmed","ams","dps","2019-09-23T21:00:00Z","2019-09-24T19:25:00Z"
2,"af","confirmed","ory","bes","2019-11-07T13:00:00Z","2019-11-07T14:10:00Z"
2,"af","confirmed","fdf","ory","2019-11-06T19:10:00Z","2019-11-07T08:25:00Z"
2,"af","confirmed","cdg","lys","2019-04-26T14:05:00Z","2019-04-26T15:15:00Z"
2,"af","confirmed","scl","cdg","2019-04-25T15:55:00Z","2019-04-26T10:50:00Z"
2,"af","confirmed","bcn","cdg","2019-03-17T19:30:00Z","2019-03-17T21:30:00Z"
2,"af","confirmed","cdg","hnd","2019-03-17T23:20:00Z","2019-03-18T19:25:00Z"
1,"kl","confirmed","gva","ams","2019-03-20T17:30:00Z","2019-03-20T19:15:00Z"
1,"kl","confirmed","ams","man","2019-03-20T21:45:00Z","2019-03-20T22:00:00Z"
1,"a5","confirmed","uro","bia","2019-05-25T12:20:00Z","2019-05-25T14:10:00Z"
1,"a5","confirmed","bia","uro","2019-06-01T14:50:00Z","2019-06-01T16:40:00Z"
2,"af","confirmed","cdg","trn","2019-03-23T12:50:00Z","2019-03-23T14:30:00Z"
2,"g3","confirmed","vix","gru","2019-03-22T11:00:00Z","2019-03-22T12:35:00Z"
1,"af","confirmed","bud","cdg","2019-04-20T12:10:00Z","2019-04-20T14:30:00Z"
1,"af","confirmed","cdg","bud","2019-04-17T16:45:00Z","2019-04-17T18:55:00Z"
1,"af","seat_available","txl","cdg","2019-03-17T18:05:00Z","2019-03-17T19:55:00Z"
"","","","","","",""
1,"kl","confirmed","vie","ams","2019-04-13T19:55:00Z","2019-04-13T21:45:00Z"
1,"kl","confirmed","ams","vie","2019-04-10T06:50:00Z","2019-04-10T08:40:00Z"
1,"kl","confirmed","txl","ams","2019-07-29T12:15:00Z","2019-07-29T13:35:00Z"
1,"kl","confirmed","ams","txl","2019-07-23T20:45:00Z","2019-07-23T22:00:00Z"
2,"kl","confirmed","lhr","ams","2019-06-15T08:40:00Z","2019-06-15T11:00:00Z"
"","","","","","",""
1,"kl","confirmed","kul","ams","2019-03-17T23:50:00Z","2019-03-18T05:55:00Z"
1,"kl","confirmed","ams","mrs","2019-03-18T09:30:00Z","2019-03-18T11:35:00Z"
1,"a5","confirmed","mrs","cfr","2019-03-21T10:05:00Z","2019-03-21T11:40:00Z"
"","","","","","",""
1,"af","confirmed","cdg","lis","2019-05-17T16:10:00Z","2019-05-17T17:45:00Z"
1,"af","confirmed","lis","cdg","2019-05-19T18:40:00Z","2019-05-19T22:10:00Z"
1,"dl","confirmed","jnb","atl","2019-03-16T20:25:00Z","2019-03-17T07:15:00Z"
1,"dl","confirmed","mco","lga","2019-03-23T10:50:00Z","2019-03-23T13:24:00Z"
1,"af","confirmed","abj","cdg","2019-08-02T22:30:00Z","2019-08-03T06:55:00Z"
1,"af","confirmed","cdg","abj","2019-07-15T19:05:00Z","2019-07-15T23:20:00Z"
1,"dl","confirmed","jfk","man","2019-03-22T20:30:00Z","2019-03-23T06:55:00Z"
1,"dl","confirmed","lga","clt","2019-03-20T17:00:00Z","2019-03-20T19:16:00Z"
2,"a5","confirmed","tls","rns","2019-04-23T17:15:00Z","2019-04-23T18:30:00Z"
2,"a5","confirmed","rns","tls","2019-04-30T15:30:00Z","2019-04-30T16:40:00Z"
1,"kl","confirmed","ams","dus","2019-03-10T06:50:00Z","2019-03-10T07:40:00Z"
1,"ke","confirmed","ams","icn","2019-03-17T21:20:00Z","2019-03-18T16:00:00Z"
2,"af","confirmed","cdg","trn","2019-03-23T12:50:00Z","2019-03-23T14:30:00Z"
2,"g3","confirmed","gru","vix","2019-04-08T20:55:00Z","2019-04-08T22:20:00Z"
2,"af","confirmed","jfk","cdg","2019-03-28T19:40:00Z","2019-03-29T08:00:00Z"
2,"af","confirmed","cdg","jfk","2019-03-18T13:20:00Z","2019-03-18T16:55:00Z"
2,"af","confirmed","muc","cdg","2019-05-13T20:35:00Z","2019-05-13T22:15:00Z"
2,"af","confirmed","cdg","muc","2019-05-09T07:10:00Z","2019-05-09T08:40:00Z"
3,"dl","confirmed","jfk","nce","2019-08-03T20:15:00Z","2019-08-04T10:25:00Z"
3,"af","confirmed","nce","ory","2019-07-14T10:40:00Z","2019-07-14T12:10:00Z"
1,"af","confirmed","arn","cdg","2019-03-14T12:40:00Z","2019-03-14T15:20:00Z"
1,"af","confirmed","yul","cdg","2019-03-10T19:10:00Z","2019-03-11T07:10:00Z"
1,"af","unaccepted","cdg","cph","2019-06-12T21:00:00Z","2019-06-12T22:55:00Z"
1,"af","unaccepted","icn","cdg","2019-06-12T14:40:00Z","2019-06-12T19:35:00Z"
2,"kl","confirmed","ams","gru","2019-04-08T10:10:00Z","2019-04-08T17:10:00Z"
2,"g3","confirmed","gru","vix","2019-04-08T20:55:00Z","2019-04-08T22:20:00Z"
2,"me","confirmed","cdg","bey","2019-07-08T10:00:00Z","2019-07-08T15:15:00Z"
2,"af","confirmed","cdg","jfk","2019-07-20T08:00:00Z","2019-07-20T10:15:00Z"
2,"a5","confirmed","tls","rns","2019-04-23T17:15:00Z","2019-04-23T18:30:00Z"
2,"a5","confirmed","rns","tls","2019-04-30T15:30:00Z","2019-04-30T16:40:00Z"
28,"kl","confirmed","sfo","ams","2019-04-03T13:55:00Z","2019-04-04T09:15:00Z"
28,"kl","confirmed","ams","lax","2019-03-18T09:55:00Z","2019-03-18T12:55:00Z"
3,"af","confirmed","cdg","opo","2019-03-28T14:10:00Z","2019-03-28T15:25:00Z"
3,"af","confirmed","opo","cdg","2019-04-25T15:50:00Z","2019-04-25T19:05:00Z"
2,"dl","confirmed","iah","los","2019-03-17T19:56:00Z","2019-03-18T15:35:00Z"
2,"kl","confirmed","ams","iah","2019-04-03T09:50:00Z","2019-04-03T13:05:00Z"
1,"to","confirmed","ory","tng","2019-03-24T06:35:00Z","2019-03-24T09:20:00Z"
"","","","","","",""
1,"af","confirmed","del","cdg","2019-06-25T00:10:00Z","2019-06-25T06:00:00Z"
1,"af","confirmed","cdg","mia","2019-06-25T13:40:00Z","2019-06-25T17:10:00Z"
1,"af","confirmed","jfk","cdg","2019-03-16T17:35:00Z","2019-03-17T05:50:00Z"
1,"af","confirmed","cdg","nsi","2019-03-17T13:00:00Z","2019-03-17T19:30:00Z"
2,"af","confirmed","ory","bod","2019-05-15T16:50:00Z","2019-05-15T18:00:00Z"
2,"af","confirmed","bod","ory","2019-04-16T08:10:00Z","2019-04-16T09:25:00Z"
2,"af","confirmed","hnd","cdg","2019-05-17T14:20:00Z","2019-05-17T19:45:00Z"
2,"af","confirmed","edi","cdg","2019-04-29T17:05:00Z","2019-04-29T20:00:00Z"
2,"kl","confirmed","bud","ams","2019-10-27T17:05:00Z","2019-10-27T19:15:00Z"
2,"kl","confirmed","ams","bud","2019-10-24T11:20:00Z","2019-10-24T13:15:00Z"
8,"af","confirmed","cdg","cmn","2019-03-17T15:10:00Z","2019-03-17T18:15:00Z"
8,"af","confirmed","cmn","cdg","2019-03-22T16:30:00Z","2019-03-22T19:45:00Z"
2,"kl","confirmed","ams","sfo","2019-05-17T09:50:00Z","2019-05-17T11:45:00Z"
2,"dl","confirmed","dtw","muc","2019-06-08T17:52:00Z","2019-06-09T08:25:00Z"
2,"cz","confirmed","ams","pek","2019-06-15T00:00:00Z","2019-06-15T00:00:00Z"
2,"cz","confirmed","pek","ams","2019-06-07T00:00:00Z","2019-06-07T00:00:00Z"
13,"kl","confirmed","iad","ams","2019-03-28T18:40:00Z","2019-03-29T07:10:00Z"
13,"kl","confirmed","ams","jfk","2019-03-18T13:30:00Z","2019-03-18T16:45:00Z"
1,"kl","confirmed","ams","bod","2019-03-28T10:05:00Z","2019-03-28T11:50:00Z"
1,"af","confirmed","bod","cdg","2019-03-26T10:15:00Z","2019-03-26T11:35:00Z"
1,"af","confirmed","tls","ory","2019-05-20T08:20:00Z","2019-05-20T09:40:00Z"
"","","","","","",""
1,"af","confirmed","cdg","lhr","2019-03-16T13:20:00Z","2019-03-16T13:45:00Z"
1,"af","confirmed","lhr","cdg","2019-03-17T15:35:00Z","2019-03-17T17:55:00Z"
1,"a5","confirmed","rns","nce","2019-04-20T07:00:00Z","2019-04-20T08:40:00Z"
"","","","","","",""
1,"af","confirmed","cdg","abj","2019-07-15T19:05:00Z","2019-07-15T23:20:00Z"
1,"af","confirmed","abj","cdg","2019-07-29T22:30:00Z","2019-07-30T06:55:00Z"
2,"af","confirmed","muc","cdg","2019-05-13T20:35:00Z","2019-05-13T22:15:00Z"
2,"af","confirmed","cdg","muc","2019-05-09T07:10:00Z","2019-05-09T08:40:00Z"
2,"kl","confirmed","ams","iah","2019-04-03T09:50:00Z","2019-04-03T13:05:00Z"
2,"dl","confirmed","iah","los","2019-03-17T19:56:00Z","2019-03-18T15:35:00Z"
4,"kl","confirmed","jfk","ams","2019-08-23T18:30:00Z","2019-08-24T07:50:00Z"
4,"dl","confirmed","den","jfk","2019-08-19T10:51:00Z","2019-08-19T17:00:00Z"
1,"kq","confirmed","jnb","nbo","2019-03-17T17:25:00Z","2019-03-17T22:30:00Z"
1,"kq","confirmed","nbo","dxb","2019-03-17T23:30:00Z","2019-03-18T05:45:00Z"
2,"af","confirmed","cdg","fco","2019-04-12T17:05:00Z","2019-04-12T19:10:00Z"
"","","","","","",""
3,"kq","confirmed","fna","nbo","2019-03-17T17:10:00Z","2019-03-18T05:35:00Z"
3,"kq","confirmed","nbo","bom","2019-03-18T07:00:00Z","2019-03-18T15:45:00Z"
2,"kl","confirmed","ams","las","2019-09-03T12:35:00Z","2019-09-03T14:15:00Z"
2,"af","confirmed","cdg","ams","2019-09-03T07:10:00Z","2019-09-03T08:30:00Z"
1,"9w","confirmed","ams","bom","2019-05-20T11:25:00Z","2019-05-21T00:05:00Z"
1,"kl","confirmed","ams","mad","2019-06-04T13:50:00Z","2019-06-04T16:25:00Z"
2,"af","confirmed","del","cdg","2019-03-18T02:05:00Z","2019-03-18T09:05:00Z"
2,"af","confirmed","cdg","jfk","2019-03-18T13:20:00Z","2019-03-18T16:55:00Z"
2,"me","confirmed","cdg","bey","2019-07-08T10:00:00Z","2019-07-08T15:15:00Z"
2,"af","confirmed","cdg","jfk","2019-07-20T08:00:00Z","2019-07-20T10:15:00Z"
2,"af","confirmed","hnd","cdg","2019-05-17T14:20:00Z","2019-05-17T19:45:00Z"
2,"af","confirmed","edi","cdg","2019-04-29T17:05:00Z","2019-04-29T20:00:00Z"
1,"af","confirmed","lys","ory","2019-05-13T11:15:00Z","2019-05-13T12:20:00Z"
"","","","","","",""
1,"af","confirmed","tln","cdg","2019-04-30T13:15:00Z","2019-04-30T14:55:00Z"
1,"af","confirmed","cdg","tln","2019-04-20T11:00:00Z","2019-04-20T12:40:00Z"
1,"dl","confirmed","lax","ams","2019-03-17T13:21:00Z","2019-03-18T08:30:00Z"
1,"kl","confirmed","ams","drs","2019-03-18T12:30:00Z","2019-03-18T13:50:00Z"
2,"af","confirmed","cdg","muc","2019-05-09T07:10:00Z","2019-05-09T08:40:00Z"
2,"af","confirmed","muc","cdg","2019-05-13T20:35:00Z","2019-05-13T22:15:00Z"
1,"9w","confirmed","ams","bom","2019-05-20T11:25:00Z","2019-05-21T00:05:00Z"
1,"kl","confirmed","ams","mad","2019-06-04T13:50:00Z","2019-06-04T16:25:00Z"
1,"af","confirmed","cdg","lys","2019-04-18T08:20:00Z","2019-04-18T09:25:00Z"
1,"af","confirmed","cdg","hnd","2019-04-22T17:40:00Z","2019-04-23T12:45:00Z"
4,"af","confirmed","ory","bia","2019-08-22T11:10:00Z","2019-08-22T12:55:00Z"
"","","","","","",""
2,"kl","confirmed","ams","dxb","2019-03-17T17:10:00Z","2019-03-18T02:55:00Z"
2,"kl","confirmed","ams","mex","2019-04-05T14:30:00Z","2019-04-05T17:55:00Z"
2,"kl","confirmed","ams","pty","2019-03-18T11:25:00Z","2019-03-18T16:30:00Z"
2,"kl","confirmed","pty","ams","2019-03-25T18:45:00Z","2019-03-26T10:55:00Z"
1,"kl","confirmed","nbo","ams","2019-05-10T23:40:00Z","2019-05-11T06:55:00Z"
1,"kq","confirmed","nbo","fbm","2019-03-19T12:40:00Z","2019-03-19T14:10:00Z"
1,"kl","confirmed","ams","kul","2019-05-09T20:50:00Z","2019-05-10T14:50:00Z"
1,"kl","confirmed","ams","bru","2019-06-17T08:55:00Z","2019-06-17T09:40:00Z"
2,"kl","confirmed","ams","dxb","2019-03-17T17:10:00Z","2019-03-18T02:55:00Z"
2,"kl","confirmed","ams","mex","2019-04-05T14:30:00Z","2019-04-05T17:55:00Z"
1,"af","confirmed","hav","cdg","2019-06-04T22:55:00Z","2019-06-05T14:05:00Z"
1,"af","confirmed","cdg","hav","2019-04-30T16:40:00Z","2019-04-30T20:35:00Z"
3,"kl","confirmed","iah","ams","2019-03-17T16:35:00Z","2019-03-18T07:50:00Z"
3,"kl","confirmed","ams","iah","2019-03-24T10:05:00Z","2019-03-24T14:40:00Z"
1,"a5","confirmed","bod","lys","2019-03-28T14:15:00Z","2019-03-28T15:25:00Z"
1,"a5","confirmed","lys","bod","2019-03-21T20:25:00Z","2019-03-21T21:30:00Z"
1,"kq","confirmed","nbo","hre","2019-03-14T07:40:00Z","2019-03-14T11:25:00Z"
1,"ek","confirmed","hre","lun","2019-03-17T18:25:00Z","2019-03-17T19:30:00Z"
1,"mu","confirmed","ams","pvg","2019-05-10T12:40:00Z","2019-05-11T05:45:00Z"
1,"kl","confirmed","pvg","ams","2019-02-16T00:15:00Z","2019-02-16T05:20:00Z"
1,"kl","confirmed","nbo","ams","2019-05-10T23:40:00Z","2019-05-11T06:55:00Z"
1,"kl","confirmed","bod","ams","2019-03-18T12:30:00Z","2019-03-18T14:20:00Z"
1,"af","confirmed","cdg","hnd","2019-03-23T23:20:00Z","2019-03-24T19:25:00Z"
1,"af","confirmed","hnd","cdg","2019-03-18T23:50:00Z","2019-03-19T04:50:00Z"
2,"af","confirmed","eze","cdg","2020-02-22T14:35:00Z","2020-02-23T07:50:00Z"
2,"af","confirmed","cdg","scl","2020-02-07T23:40:00Z","2020-02-08T09:10:00Z"
1,"af","confirmed","cdg","tlv","2019-03-09T17:55:00Z","2019-03-09T23:25:00Z"
1,"af","confirmed","tlv","cdg","2019-03-17T18:10:00Z","2019-03-17T22:20:00Z"
4,"kl","confirmed","ams","xmn","2019-03-17T16:45:00Z","2019-03-18T10:50:00Z"
4,"cz","confirmed","xmn","can","2019-03-18T14:30:00Z","2019-03-18T16:10:00Z"
1,"af","confirmed","ist","cdg","2019-05-23T04:15:00Z","2019-05-23T06:55:00Z"
1,"kk","confirmed","cdg","ist","2019-06-13T14:45:00Z","2019-06-13T19:20:00Z"
1,"af","confirmed","ory","mpl","2019-03-13T08:50:00Z","2019-03-13T10:05:00Z"
1,"af","confirmed","mpl","ory","2019-03-17T16:00:00Z","2019-03-17T17:20:00Z"
1,"kl","confirmed","ams","ham","2019-03-17T16:45:00Z","2019-03-17T17:50:00Z"
1,"kl","confirmed","ham","ams","2019-03-22T14:45:00Z","2019-03-22T15:50:00Z"
2,"af","confirmed","cdg","edi","2019-05-17T21:00:00Z","2019-05-17T21:45:00Z"
2,"af","confirmed","hnd","cdg","2019-05-17T14:20:00Z","2019-05-17T19:45:00Z"
1,"af","seat_available","bcn","cdg","2019-03-17T19:30:00Z","2019-03-17T21:30:00Z"
"","","","","","",""
1,"dl","confirmed","bis","msp","2019-03-17T10:46:00Z","2019-03-17T12:15:00Z"
1,"dl","confirmed","msp","cdg","2019-03-17T16:50:00Z","2019-03-18T07:10:00Z"
2,"af","confirmed","mpl","cdg","2019-04-27T06:00:00Z","2019-04-27T07:30:00Z"
2,"af","confirmed","jfk","ory","2019-05-05T19:35:00Z","2019-05-06T09:10:00Z"
1,"a5","confirmed","mrs","cfr","2019-03-21T10:05:00Z","2019-03-21T11:40:00Z"
"","","","","","",""
1,"dl","confirmed","ams","dtw","2019-03-22T10:30:00Z","2019-03-22T13:59:00Z"
1,"dl","confirmed","dtw","gsp","2019-03-22T15:21:00Z","2019-03-22T17:08:00Z"
2,"af","confirmed","mad","cdg","2019-10-06T17:40:00Z","2019-10-06T19:45:00Z"
2,"af","confirmed","rns","cdg","2019-10-03T18:35:00Z","2019-10-03T19:40:00Z"
1,"lh","confirmed","arn","fra","2019-03-22T13:50:00Z","2019-03-22T15:55:00Z"
1,"dl","confirmed","jfk","ams","2019-03-17T17:12:00Z","2019-03-18T05:55:00Z"
1,"kl","confirmed","ams","waw","2019-03-23T21:25:00Z","2019-03-23T23:25:00Z"
1,"kl","confirmed","cdg","ams","2019-03-23T18:40:00Z","2019-03-23T20:00:00Z"
1,"kl","confirmed","eze","scl","2019-03-18T08:55:00Z","2019-03-18T11:05:00Z"
"","","","","","",""
1,"af","confirmed","pvg","cdg","2019-03-18T00:10:00Z","2019-03-18T05:55:00Z"
1,"af","confirmed","cdg","pvg","2019-03-22T23:25:00Z","2019-03-23T17:45:00Z"
3,"ux","confirmed","agp","cdg","2019-07-18T09:20:00Z","2019-07-18T12:00:00Z"
3,"af","confirmed","cdg","kbp","2019-07-18T20:50:00Z","2019-07-19T00:55:00Z"
1,"af","confirmed","cdg","tlv","2019-03-09T17:55:00Z","2019-03-09T23:25:00Z"
1,"af","confirmed","tlv","cdg","2019-03-17T18:10:00Z","2019-03-17T22:20:00Z"
2,"af","confirmed","arn","cdg","2019-04-14T13:35:00Z","2019-04-14T16:15:00Z"
"","","","","","",""
3,"af","confirmed","cdg","atl","2019-07-14T10:35:00Z","2019-07-14T14:05:00Z"
3,"af","confirmed","bom","cdg","2019-07-14T01:55:00Z","2019-07-14T08:05:00Z"
1,"kl","confirmed","ams","pek","2019-03-17T17:30:00Z","2019-03-18T09:55:00Z"
1,"kl","confirmed","ams","tls","2019-03-22T20:35:00Z","2019-03-22T22:25:00Z"
2,"af","confirmed","hnd","cdg","2019-11-30T13:45:00Z","2019-11-30T18:35:00Z"
2,"af","confirmed","lys","cdg","2019-11-16T11:00:00Z","2019-11-16T12:10:00Z"
2,"kl","confirmed","ams","dxb","2019-03-17T17:10:00Z","2019-03-18T02:55:00Z"
2,"kl","confirmed","dxb","ams","2019-03-23T01:55:00Z","2019-03-23T06:20:00Z"
1,"af","confirmed","pvg","cdg","2019-03-18T00:10:00Z","2019-03-18T05:55:00Z"
1,"af","confirmed","cdg","pvg","2019-03-22T23:25:00Z","2019-03-23T17:45:00Z"
1,"a5","confirmed","sxb","mrs","2019-03-20T14:40:00Z","2019-03-20T15:55:00Z"
1,"a5","confirmed","mrs","sxb","2019-03-30T12:35:00Z","2019-03-30T13:55:00Z"
2,"af","confirmed","flr","cdg","2019-04-24T20:25:00Z","2019-04-24T22:15:00Z"
"","","","","","",""
1,"kl","confirmed","gla","ams","2019-03-15T06:05:00Z","2019-03-15T08:50:00Z"
1,"kl","confirmed","ams","gla","2019-03-17T16:05:00Z","2019-03-17T16:35:00Z"
1,"kl","confirmed","ams","edi","2019-03-15T08:10:00Z","2019-03-15T08:40:00Z"
1,"kl","confirmed","ams","msp","2019-03-17T17:00:00Z","2019-03-17T19:40:00Z"
2,"dl","confirmed","jfk","nce","2019-07-14T20:15:00Z","2019-07-15T10:25:00Z"
2,"dl","confirmed","nce","jfk","2019-08-27T12:15:00Z","2019-08-27T15:18:00Z"
1,"kl","confirmed","atl","ams","2019-05-08T22:35:00Z","2019-05-09T12:55:00Z"
1,"kl","confirmed","ams","kul","2019-05-09T20:50:00Z","2019-05-10T14:50:00Z"
2,"kl","confirmed","ams","dub","2019-03-18T21:20:00Z","2019-03-18T22:00:00Z"
2,"kl","confirmed","ams","fco","2019-03-16T06:55:00Z","2019-03-16T09:10:00Z"
2,"kl","confirmed","mad","ams","2019-03-31T17:10:00Z","2019-03-31T19:50:00Z"
2,"kl","confirmed","ams","wdh","2019-03-31T22:55:00Z","2019-04-01T11:05:00Z"
1,"kl","confirmed","ams","iad","2019-03-18T13:20:00Z","2019-03-18T16:45:00Z"
1,"kl","confirmed","kgl","ams","2019-03-17T20:15:00Z","2019-03-18T06:00:00Z"
1,"kl","confirmed","fra","ams","2019-09-05T19:20:00Z","2019-09-05T20:30:00Z"
1,"kl","confirmed","ams","fra","2019-09-29T17:30:00Z","2019-09-29T18:40:00Z"
1,"dl","confirmed","dtw","phx","2019-03-13T16:05:00Z","2019-03-13T17:30:00Z"
1,"dl","confirmed","jfk","fra","2019-03-18T19:30:00Z","2019-03-19T08:40:00Z"
1,"kl","confirmed","ams","muc","2019-03-29T15:25:00Z","2019-03-29T16:45:00Z"
1,"kl","confirmed","muc","ams","2019-03-17T20:00:00Z","2019-03-17T21:40:00Z"
2,"af","confirmed","cdg","lys","2019-11-30T21:25:00Z","2019-11-30T22:35:00Z"
2,"af","confirmed","hnd","cdg","2019-11-30T13:45:00Z","2019-11-30T18:35:00Z"
2,"kl","confirmed","ams","cwl","2019-06-26T08:55:00Z","2019-06-26T09:15:00Z"
2,"be","confirmed","cwl","cdg","2019-05-19T16:15:00Z","2019-05-19T18:40:00Z"
3,"dl","confirmed","mco","lga","2019-03-23T10:50:00Z","2019-03-23T13:24:00Z"
3,"dl","confirmed","jnb","atl","2019-03-16T20:25:00Z","2019-03-17T07:15:00Z"
2,"af","confirmed","nce","cdg","2020-01-31T10:35:00Z","2020-01-31T12:10:00Z"
2,"af","confirmed","cdg","nce","2020-02-09T12:45:00Z","2020-02-09T14:15:00Z"
1,"af","confirmed","cdg","rba","2019-03-22T21:00:00Z","2019-03-22T23:55:00Z"
1,"af","confirmed","rba","cdg","2019-03-18T14:10:00Z","2019-03-18T17:10:00Z"
2,"af","confirmed","mad","cdg","2019-10-06T17:40:00Z","2019-10-06T19:45:00Z"
2,"af","confirmed","rns","cdg","2019-10-03T18:35:00Z","2019-10-03T19:40:00Z"
2,"kl","confirmed","ncl","ams","2019-05-01T06:00:00Z","2019-05-01T08:25:00Z"
2,"kl","confirmed","ams","ncl","2019-05-04T16:20:00Z","2019-05-04T16:40:00Z"
2,"kl","confirmed","bll","ams","2019-05-08T14:20:00Z","2019-05-08T15:35:00Z"
2,"kl","confirmed","ams","bll","2019-05-16T10:15:00Z","2019-05-16T11:20:00Z"
1,"lo","confirmed","kgd","waw","2019-04-02T12:40:00Z","2019-04-02T13:45:00Z"
1,"dl","confirmed","ams","atl","2019-04-02T10:05:00Z","2019-04-02T13:30:00Z"
1,"kl","confirmed","ams","atl","2019-03-18T16:50:00Z","2019-03-18T21:25:00Z"
1,"kl","confirmed","drs","ams","2019-03-18T14:20:00Z","2019-03-18T15:50:00Z"
2,"kl","confirmed","ams","pvg","2019-03-17T17:15:00Z","2019-03-18T10:50:00Z"
2,"kl","confirmed","pvg","ams","2019-03-31T12:40:00Z","2019-03-31T18:20:00Z"
1,"aa","confirmed","dfw","jfk","2019-03-16T07:00:00Z","2019-03-16T11:34:00Z"
1,"kq","confirmed","jfk","nbo","2019-03-17T13:00:00Z","2019-03-18T10:30:00Z"
1,"af","confirmed","cdg","flr","2019-03-19T17:55:00Z","2019-03-19T19:35:00Z"
1,"kl","confirmed","bru","ams","2019-03-22T14:45:00Z","2019-03-22T15:35:00Z"
1,"kl","confirmed","ams","cdg","2019-05-03T07:55:00Z","2019-05-03T09:25:00Z"
1,"dl","confirmed","cdg","jfk","2019-04-23T10:20:00Z","2019-04-23T12:46:00Z"
1,"af","confirmed","cdg","bsl","2019-03-18T12:30:00Z","2019-03-18T13:35:00Z"
1,"am","unaccepted","mex","mty","2019-03-01T19:00:00Z","2019-03-01T20:48:00Z"
1,"dl","confirmed","cdg","bos","2019-03-27T10:15:00Z","2019-03-27T13:19:00Z"
1,"af","confirmed","fna","cdg","2019-03-26T21:05:00Z","2019-03-27T06:35:00Z"
1,"dl","confirmed","dtw","ams","2019-02-21T18:23:00Z","2019-02-22T08:00:00Z"
1,"kl","confirmed","ams","ord","2019-03-18T12:40:00Z","2019-03-18T15:25:00Z"
1,"af","confirmed","iah","cdg","2019-03-17T17:05:00Z","2019-03-18T08:40:00Z"
1,"kl","confirmed","abz","ams","2019-03-09T06:00:00Z","2019-03-09T08:40:00Z"
11,"kl","confirmed","ams","gla","2019-03-17T21:25:00Z","2019-03-17T22:00:00Z"
11,"kl","confirmed","lis","ams","2019-03-17T15:25:00Z","2019-03-17T19:35:00Z"
1,"af","confirmed","nce","ory","2019-03-26T19:45:00Z","2019-03-26T21:15:00Z"
1,"af","confirmed","ory","nce","2019-03-22T09:05:00Z","2019-03-22T10:30:00Z"
3,"dl","confirmed","mco","lga","2019-03-23T10:50:00Z","2019-03-23T13:24:00Z"
3,"dl","confirmed","jnb","atl","2019-03-16T20:25:00Z","2019-03-17T07:15:00Z"
1,"af","confirmed","lys","ory","2019-03-18T11:10:00Z","2019-03-18T12:15:00Z"
1,"af","confirmed","ory","lys","2018-07-04T09:15:00Z","2018-07-04T10:15:00Z"
1,"kl","confirmed","ams","bgo","2019-03-30T12:00:00Z","2019-03-30T13:45:00Z"
1,"kl","confirmed","sin","ams","2019-03-30T01:35:00Z","2019-03-30T08:00:00Z"
13,"kl","confirmed","iad","ams","2019-03-28T18:40:00Z","2019-03-29T07:10:00Z"
13,"kl","confirmed","ams","jfk","2019-03-18T13:30:00Z","2019-03-18T16:45:00Z"
3,"af","confirmed","bey","cdg","2019-10-30T15:55:00Z","2019-10-30T19:40:00Z"
3,"me","confirmed","cdg","bey","2019-03-18T10:00:00Z","2019-03-18T15:20:00Z"
2,"be","confirmed","sou","egc","2019-05-10T10:25:00Z","2019-05-10T13:05:00Z"
2,"be","confirmed","egc","sou","2019-05-13T13:35:00Z","2019-05-13T14:15:00Z"
3,"me","confirmed","cdg","bey","2019-03-18T10:00:00Z","2019-03-18T15:20:00Z"
3,"af","confirmed","gru","cdg","2019-03-17T16:35:00Z","2019-03-18T08:05:00Z"
1,"cz","confirmed","pek","wuh","2019-03-18T15:30:00Z","2019-03-18T18:00:00Z"
1,"mf","confirmed","xmn","ams","2019-02-23T00:10:00Z","2019-02-23T05:30:00Z"
1,"dl","confirmed","mty","dtw","2019-03-17T12:48:00Z","2019-03-17T18:26:00Z"
1,"af","unaccepted","cdg","mex","2019-03-01T11:00:00Z","2019-03-01T16:20:00Z"
1,"cz","confirmed","pek","wuh","2019-03-18T15:30:00Z","2019-03-18T18:00:00Z"
1,"mf","confirmed","xmn","ams","2019-02-23T00:10:00Z","2019-02-23T05:30:00Z"
1,"kl","confirmed","ams","man","2019-03-21T16:20:00Z","2019-03-21T16:35:00Z"
1,"kl","confirmed","man","ams","2019-03-17T05:55:00Z","2019-03-17T08:15:00Z"
1,"kq","confirmed","mgq","nbo","2019-03-18T15:50:00Z","2019-03-18T17:35:00Z"
"","","","","","",""
1,"kl","confirmed","bud","ams","2019-03-17T17:05:00Z","2019-03-17T19:15:00Z"
1,"kl","confirmed","ams","bud","2019-03-15T14:15:00Z","2019-03-15T16:15:00Z"
1,"af","confirmed","xwg","cdg","2019-11-22T06:07:00Z","2019-11-22T08:02:00Z"
1,"af","confirmed","oua","cdg","2019-12-20T23:45:00Z","2019-12-21T06:15:00Z"
1,"af","confirmed","cdg","zrh","2019-03-17T16:15:00Z","2019-03-17T17:30:00Z"
1,"af","confirmed","zrh","cdg","2019-03-10T09:35:00Z","2019-03-10T11:00:00Z"
1,"kl","seat_available","cdg","ams","2019-03-21T18:40:00Z","2019-03-21T20:00:00Z"
1,"kl","seat_available","ams","cdg","2019-03-18T12:25:00Z","2019-03-18T13:40:00Z"
13,"kl","confirmed","osl","ams","2019-03-17T17:00:00Z","2019-03-17T18:55:00Z"
13,"kl","confirmed","eze","ams","2019-03-28T16:35:00Z","2019-03-29T09:55:00Z"
1,"af","confirmed","pek","cdg","2018-08-01T09:05:00Z","2018-08-01T14:00:00Z"
1,"af","confirmed","cdg","hav","2018-08-01T16:10:00Z","2018-08-01T20:05:00Z"
3,"dl","confirmed","mco","lga","2019-03-23T10:50:00Z","2019-03-23T13:24:00Z"
3,"dl","confirmed","jnb","atl","2019-03-16T20:25:00Z","2019-03-17T07:15:00Z"
1,"kl","confirmed","pvg","ams","2019-03-23T00:15:00Z","2019-03-23T05:20:00Z"
1,"kl","confirmed","ams","pvg","2019-03-17T17:15:00Z","2019-03-18T10:50:00Z"
3,"kl","confirmed","ams","lax","2019-07-02T09:50:00Z","2019-07-02T11:45:00Z"
3,"kl","confirmed","ams","gla","2019-07-17T21:15:00Z","2019-07-17T21:45:00Z"
2,"9w","confirmed","cdg","bom","2019-01-17T11:30:00Z","2019-01-18T00:50:00Z"
2,"9w","on_request","amd","bom","2019-03-16T21:25:00Z","2019-03-16T22:55:00Z"
1,"af","confirmed","cdg","sin","2019-04-25T20:50:00Z","2019-04-26T15:45:00Z"
1,"af","confirmed","sin","cdg","2019-05-02T22:35:00Z","2019-05-03T06:05:00Z"
1,"me","confirmed","bey","cdg","2019-10-03T02:05:00Z","2019-10-03T05:45:00Z"
1,"af","confirmed","cdg","iah","2019-10-03T10:10:00Z","2019-10-03T13:45:00Z"
1,"cz","confirmed","she","pek","2019-04-14T00:00:00Z","2019-04-14T00:00:00Z"
1,"cz","confirmed","pek","ams","2019-04-15T00:30:00Z","2019-04-15T05:10:00Z"
2,"be","confirmed","sou","egc","2019-05-10T10:25:00Z","2019-05-10T13:05:00Z"
2,"be","confirmed","egc","sou","2019-05-13T13:35:00Z","2019-05-13T14:15:00Z"
1,"af","confirmed","cdg","fco","2019-06-10T06:55:00Z","2019-06-10T09:00:00Z"
"","","","","","",""
1,"dl","confirmed","bru","atl","2019-03-24T09:30:00Z","2019-03-24T14:22:00Z"
1,"dl","confirmed","atl","uio","2019-03-24T18:15:00Z","2019-03-24T22:35:00Z"
2,"kl","confirmed","opo","ams","2019-03-30T11:15:00Z","2019-03-30T14:55:00Z"
2,"kl","confirmed","ams","opo","2019-03-23T08:50:00Z","2019-03-23T10:30:00Z"
28,"kl","confirmed","sfo","ams","2019-04-03T13:55:00Z","2019-04-04T09:15:00Z"
28,"kl","confirmed","ams","lax","2019-03-18T09:55:00Z","2019-03-18T12:55:00Z"
2,"kl","confirmed","yul","ams","2019-05-29T18:50:00Z","2019-05-30T07:35:00Z"
2,"kl","confirmed","bsl","ams","2019-05-14T10:15:00Z","2019-05-14T11:45:00Z"
1,"cz","confirmed","she","pek","2019-04-14T00:00:00Z","2019-04-14T00:00:00Z"
1,"cz","confirmed","pek","ams","2019-04-15T00:30:00Z","2019-04-15T05:10:00Z"
2,"kq","confirmed","nbo","jfk","2019-03-26T22:55:00Z","2019-03-27T06:55:00Z"
2,"pw","confirmed","jro","nbo","2019-03-26T18:30:00Z","2019-03-26T19:30:00Z"
1,"kl","confirmed","ams","lcy","2019-03-18T18:20:00Z","2019-03-18T18:25:00Z"
1,"kl","confirmed","lcy","ams","2019-03-21T18:55:00Z","2019-03-21T21:15:00Z"
3,"kl","confirmed","ams","pvg","2019-03-16T21:20:00Z","2019-03-17T14:55:00Z"
3,"mu","confirmed","pvg","cdg","2019-04-06T12:50:00Z","2019-04-06T19:15:00Z"
1,"a5","confirmed","fco","bod","2019-06-09T11:55:00Z","2019-06-09T14:00:00Z"
"","","","","","",""
2,"kl","confirmed","mnl","ams","2019-04-11T20:05:00Z","2019-04-12T06:55:00Z"
2,"kl","confirmed","aes","ams","2019-06-11T16:50:00Z","2019-06-11T18:55:00Z"
1,"af","confirmed","biq","ory","2019-03-19T15:50:00Z","2019-03-19T17:15:00Z"
1,"af","confirmed","ory","biq","2019-03-18T10:40:00Z","2019-03-18T12:00:00Z"
1,"os","confirmed","vie","cdg","2019-03-19T13:00:00Z","2019-03-19T15:10:00Z"
1,"af","confirmed","cdg","flr","2019-03-19T17:55:00Z","2019-03-19T19:35:00Z"
1,"af","confirmed","cdg","tln","2019-04-04T11:00:00Z","2019-04-04T12:40:00Z"
1,"af","confirmed","txl","cdg","2019-04-04T06:15:00Z","2019-04-04T08:05:00Z"
1,"af","confirmed","dtw","cdg","2019-03-17T22:05:00Z","2019-03-18T10:45:00Z"
"","","","","","",""
2,"dl","confirmed","ams","dtw","2019-04-16T09:20:00Z","2019-04-16T11:50:00Z"
2,"kl","confirmed","ath","ams","2019-04-16T06:00:00Z","2019-04-16T08:30:00Z"
1,"dl","confirmed","lax","ams","2019-03-17T13:21:00Z","2019-03-18T08:30:00Z"
1,"af","confirmed","bre","cdg","2019-04-09T10:30:00Z","2019-04-09T11:55:00Z"
1,"kq","confirmed","ebb","nbo","2019-03-27T20:30:00Z","2019-03-27T21:40:00Z"
1,"kq","confirmed","nbo","ebb","2019-03-27T11:30:00Z","2019-03-27T12:45:00Z"
1,"af","seat_available","cdg","bko","2019-03-20T09:55:00Z","2019-03-20T14:35:00Z"
"","","","","","",""
3,"kl","confirmed","ham","ams","2019-04-03T12:35:00Z","2019-04-03T13:40:00Z"
3,"dl","confirmed","tpa","jfk","2019-04-15T12:10:00Z","2019-04-15T14:52:00Z"
2,"kl","confirmed","muc","ams","2019-08-04T20:50:00Z","2019-08-04T22:20:00Z"
2,"kl","confirmed","ams","muc","2019-08-07T21:00:00Z","2019-08-07T22:25:00Z"
1,"af","confirmed","orn","cdg","2019-03-27T14:25:00Z","2019-03-27T17:05:00Z"
1,"af","confirmed","cdg","jfk","2019-03-27T18:10:00Z","2019-03-27T21:50:00Z"
11,"kl","confirmed","lis","ams","2019-03-17T15:25:00Z","2019-03-17T19:35:00Z"
11,"kl","confirmed","gla","ams","2019-03-27T09:00:00Z","2019-03-27T11:40:00Z"
5,"af","confirmed","ncl","cdg","2019-07-05T17:05:00Z","2019-07-05T19:55:00Z"
"","","","","","",""
1,"af","confirmed","cdg","yyz","2019-03-31T13:50:00Z","2019-03-31T16:10:00Z"
1,"kl","confirmed","ams","dxb","2019-03-17T17:10:00Z","2019-03-18T02:55:00Z"
1,"af","confirmed","tls","cdg","2019-03-26T07:15:00Z","2019-03-26T08:50:00Z"
1,"af","confirmed","cdg","kbp","2019-03-26T09:45:00Z","2019-03-26T13:55:00Z"
1,"kl","confirmed","ams","man","2019-03-26T08:00:00Z","2019-03-26T08:20:00Z"
1,"kl","confirmed","man","ams","2019-03-27T17:25:00Z","2019-03-27T19:50:00Z"
3,"kl","confirmed","ams","muc","2019-05-24T09:35:00Z","2019-05-24T11:00:00Z"
3,"kl","confirmed","muc","ams","2019-05-26T20:50:00Z","2019-05-26T22:20:00Z"
1,"ci","confirmed","tpe","fco","2019-03-17T23:40:00Z","2019-03-18T07:20:00Z"
1,"ci","confirmed","ams","tpe","2019-03-23T11:00:00Z","2019-03-24T06:35:00Z"
1,"af","confirmed","cai","cdg","2019-03-03T01:55:00Z","2019-03-03T05:55:00Z"
1,"af","confirmed","cdg","cai","2019-03-17T18:10:00Z","2019-03-17T23:40:00Z"
2,"kl","confirmed","ams","tls","2019-04-16T11:45:00Z","2019-04-16T13:35:00Z"
2,"a5","confirmed","tls","mrs","2019-04-16T15:20:00Z","2019-04-16T16:25:00Z"
1,"kl","confirmed","ams","lax","2019-03-18T09:55:00Z","2019-03-18T12:55:00Z"
1,"af","confirmed","cdg","str","2019-03-23T12:40:00Z","2019-03-23T14:00:00Z"
4,"a5","confirmed","mrs","lil","2019-07-05T09:30:00Z","2019-07-05T11:05:00Z"
4,"a5","confirmed","lil","mrs","2019-07-07T18:00:00Z","2019-07-07T19:40:00Z"
11,"kl","confirmed","lis","ams","2019-03-17T15:25:00Z","2019-03-17T19:35:00Z"
11,"kl","confirmed","gla","ams","2019-03-27T09:00:00Z","2019-03-27T11:40:00Z"
2,"dl","confirmed","ams","atl","2019-03-26T10:35:00Z","2019-03-26T15:31:00Z"
2,"kl","confirmed","vie","ams","2019-03-26T06:55:00Z","2019-03-26T09:00:00Z"
1,"kl","unaccepted","ams","hgh","2019-03-16T17:20:00Z","2019-03-17T10:50:00Z"
1,"mu","confirmed","pek","hgh","2019-03-18T10:40:00Z","2019-03-18T12:55:00Z"
1,"kl","confirmed","otp","ams","2019-05-04T18:05:00Z","2019-05-04T20:05:00Z"
"","","","","","",""
2,"9w","confirmed","cdg","bom","2019-01-17T11:30:00Z","2019-01-18T00:50:00Z"
2,"9w","on_request","amd","bom","2019-03-16T21:25:00Z","2019-03-16T22:55:00Z"
1,"kl","confirmed","ham","ams","2019-05-22T08:30:00Z","2019-05-22T09:40:00Z"
1,"kl","confirmed","ams","ham","2019-06-03T16:45:00Z","2019-06-03T17:50:00Z"
2,"kl","confirmed","ams","dxb","2019-03-17T17:10:00Z","2019-03-18T02:55:00Z"
2,"kl","confirmed","dxb","ams","2019-03-23T01:55:00Z","2019-03-23T06:20:00Z"
2,"af","seat_available","alg","cdg","2019-03-17T18:30:00Z","2019-03-17T21:05:00Z"
"","","","","","",""
1,"kl","confirmed","ams","atl","2019-03-28T09:35:00Z","2019-03-28T14:15:00Z"
1,"kl","confirmed","ams","arn","2019-04-14T06:50:00Z","2019-04-14T08:50:00Z"
2,"kl","confirmed","ams","muc","2019-08-23T09:30:00Z","2019-08-23T10:55:00Z"
2,"kl","confirmed","muc","ams","2019-08-18T14:05:00Z","2019-08-18T15:40:00Z"
1,"kl","confirmed","ams","zrh","2019-03-08T09:40:00Z","2019-03-08T11:05:00Z"
1,"kl","confirmed","zrh","ams","2019-03-19T19:10:00Z","2019-03-19T20:50:00Z"
2,"af","confirmed","cdg","ams","2019-06-06T12:25:00Z","2019-06-06T13:45:00Z"
2,"kl","confirmed","ams","gdn","2019-06-06T15:55:00Z","2019-06-06T17:35:00Z"
2,"kl","confirmed","ams","sxm","2019-11-15T09:25:00Z","2019-11-15T13:30:00Z"
2,"af","confirmed","cdg","fra","2019-11-25T07:25:00Z","2019-11-25T09:00:00Z"
1,"kl","confirmed","otp","ams","2019-05-04T18:05:00Z","2019-05-04T20:05:00Z"
"","","","","","",""
1,"kl","confirmed","gye","ams","2019-03-17T20:00:00Z","2019-03-18T13:25:00Z"
1,"kl","confirmed","ams","bru","2019-03-18T16:50:00Z","2019-03-18T17:30:00Z"
3,"dl","confirmed","cdg","slc","2019-04-22T10:10:00Z","2019-04-22T13:05:00Z"
3,"dl","confirmed","sfo","atl","2019-05-05T07:15:00Z","2019-05-05T15:02:00Z"
2,"af","confirmed","cdg","tlv","2019-06-21T23:15:00Z","2019-06-22T04:50:00Z"
2,"af","confirmed","cdg","str","2019-06-29T08:20:00Z","2019-06-29T09:35:00Z"
2,"3s","confirmed","ptp","fdf","2019-04-19T16:30:00Z","2019-04-19T17:15:00Z"
2,"3s","confirmed","fdf","ptp","2019-04-28T17:00:00Z","2019-04-28T17:45:00Z"
1,"kq","confirmed","kis","nbo","2019-03-17T18:40:00Z","2019-03-17T19:30:00Z"
1,"kq","confirmed","nbo","bjm","2019-03-18T07:20:00Z","2019-03-18T09:15:00Z"
3,"af","confirmed","dxb","cdg","2019-03-31T01:30:00Z","2019-03-31T07:15:00Z"
3,"kl","confirmed","yyz","ams","2019-03-16T23:00:00Z","2019-03-17T11:05:00Z"
1,"kl","confirmed","bog","ams","2019-03-03T16:05:00Z","2019-03-04T10:10:00Z"
1,"af","confirmed","pvg","cdg","2019-03-19T00:10:00Z","2019-03-19T05:55:00Z"
1,"dl","confirmed","atl","ams","2019-03-18T18:43:00Z","2019-03-19T08:30:00Z"
1,"kl","confirmed","ams","bah","2019-03-19T14:15:00Z","2019-03-20T00:05:00Z"
1,"ua","confirmed","bru","ord","2019-03-27T10:05:00Z","2019-03-27T13:15:00Z"
1,"sn","confirmed","vce","bru","2019-03-25T06:40:00Z","2019-03-25T08:25:00Z"
1,"dl","confirmed","nrt","mnl","2019-03-19T17:20:00Z","2019-03-19T21:35:00Z"
1,"af","confirmed","cdg","atl","2019-03-28T10:40:00Z","2019-03-28T15:35:00Z"
1,"kl","confirmed","pek","ams","2019-03-19T11:55:00Z","2019-03-19T15:30:00Z"
1,"kl","confirmed","lhr","ams","2019-03-08T08:40:00Z","2019-03-08T11:05:00Z"
1,"af","confirmed","iah","cdg","2019-03-17T17:05:00Z","2019-03-18T08:40:00Z"
1,"af","confirmed","cdg","iah","2019-03-25T10:10:00Z","2019-03-25T15:20:00Z"
1,"dl","confirmed","jfk","nce","2019-07-05T20:15:00Z","2019-07-06T10:25:00Z"
1,"kl","confirmed","nce","ams","2019-06-27T06:30:00Z","2019-06-27T08:30:00Z"
1,"kq","confirmed","nbo","fna","2019-04-16T08:10:00Z","2019-04-16T14:25:00Z"
1,"kq","confirmed","fna","nbo","2019-03-17T17:10:00Z","2019-03-18T05:35:00Z"
1,"af","confirmed","ory","mpl","2019-03-13T08:50:00Z","2019-03-13T10:05:00Z"
1,"af","confirmed","mpl","ory","2019-03-17T16:00:00Z","2019-03-17T17:20:00Z"
1,"mt","waiting_list","bhx","rmf","2019-03-18T09:00:00Z","2019-03-18T16:35:00Z"
1,"wk","confirmed","zrh","rmf","2019-03-18T09:15:00Z","2019-03-18T14:50:00Z"
1,"af","confirmed","sin","cdg","2019-03-17T23:10:00Z","2019-03-18T06:10:00Z"
1,"af","confirmed","tls","cdg","2019-03-15T18:10:00Z","2019-03-15T19:45:00Z"
1,"af","confirmed","lys","cdg","2019-05-28T10:10:00Z","2019-05-28T11:20:00Z"
1,"af","confirmed","cdg","uio","2019-05-28T13:10:00Z","2019-05-28T18:10:00Z"
1,"dl","confirmed","cdg","slc","2019-08-05T10:10:00Z","2019-08-05T13:08:00Z"
1,"af","confirmed","ams","cfe","2019-08-23T12:00:00Z","2019-08-23T13:30:00Z"
3,"kq","confirmed","dar","nbo","2019-03-20T16:05:00Z","2019-03-20T17:25:00Z"
3,"kq","confirmed","nbo","mba","2019-03-20T19:00:00Z","2019-03-20T20:00:00Z"
1,"g3","confirmed","fln","gig","2019-05-22T14:50:00Z","2019-05-22T16:20:00Z"
1,"kl","confirmed","gig","ams","2019-05-22T21:55:00Z","2019-05-23T14:20:00Z"
1,"kl","confirmed","mxp","ams","2019-03-16T14:05:00Z","2019-03-16T16:00:00Z"
1,"cz","cancelled","ams","pek","2019-03-17T14:10:00Z","2019-03-18T06:55:00Z"
1,"kq","confirmed","ebb","nbo","2019-03-19T10:40:00Z","2019-03-19T11:50:00Z"
1,"ey","confirmed","nbo","auh","2019-03-19T14:15:00Z","2019-03-19T20:25:00Z"
2,"dl","confirmed","bos","ams","2019-10-05T18:34:00Z","2019-10-06T07:50:00Z"
2,"dl","confirmed","ams","bos","2019-09-19T14:40:00Z","2019-09-19T16:46:00Z"
2,"kl","confirmed","man","ams","2019-03-20T17:25:00Z","2019-03-20T19:50:00Z"
2,"kl","confirmed","ams","mad","2019-03-20T20:45:00Z","2019-03-20T23:25:00Z"
2,"kl","confirmed","str","ams","2019-03-22T18:20:00Z","2019-03-22T19:50:00Z"
2,"kl","confirmed","lba","ams","2019-03-18T06:10:00Z","2019-03-18T08:30:00Z"
1,"kl","confirmed","ams","pvg","2019-03-20T17:15:00Z","2019-03-21T10:50:00Z"
1,"kl","confirmed","ham","ams","2019-03-20T14:45:00Z","2019-03-20T15:50:00Z"
1,"af","confirmed","tls","ory","2018-11-14T14:20:00Z","2018-11-14T15:40:00Z"
1,"af","confirmed","ory","tls","2018-11-15T19:15:00Z","2018-11-15T20:30:00Z"
1,"af","confirmed","mrs","ory","2019-03-18T17:30:00Z","2019-03-18T18:55:00Z"
1,"af","confirmed","ory","mrs","2019-03-19T19:55:00Z","2019-03-19T21:10:00Z"
1,"kq","confirmed","nbo","bgf","2019-04-10T07:35:00Z","2019-04-10T08:45:00Z"
1,"kq","confirmed","bgf","nbo","2019-03-27T15:00:00Z","2019-03-27T20:15:00Z"
1,"kl","confirmed","ams","fco","2019-06-08T07:15:00Z","2019-06-08T09:30:00Z"
"","","","","","",""
1,"kl","confirmed","yul","ams","2019-10-10T18:55:00Z","2019-10-11T07:35:00Z"
1,"kl","confirmed","ams","yul","2019-04-18T15:20:00Z","2019-04-18T16:50:00Z"
2,"kl","confirmed","ams","dxb","2019-03-17T17:10:00Z","2019-03-18T02:55:00Z"
2,"kl","confirmed","ams","mex","2019-04-05T14:30:00Z","2019-04-05T17:55:00Z"
1,"kl","confirmed","ams","mrs","2019-03-18T09:30:00Z","2019-03-18T11:35:00Z"
"","","","","","",""
1,"dl","confirmed","jfk","ams","2019-03-17T17:12:00Z","2019-03-18T05:55:00Z"
1,"ua","confirmed","iad","orf","2019-03-22T22:30:00Z","2019-03-22T23:26:00Z"
2,"af","confirmed","biq","ory","2019-06-11T21:20:00Z","2019-06-11T22:45:00Z"
2,"af","confirmed","ory","biq","2019-06-06T21:25:00Z","2019-06-06T22:45:00Z"
1,"af","confirmed","cdg","txl","2019-05-12T15:15:00Z","2019-05-12T16:55:00Z"
"","","","","","",""
2,"kl","confirmed","jnb","ams","2019-07-08T23:15:00Z","2019-07-09T10:20:00Z"
2,"kl","confirmed","bhx","ams","2019-06-08T06:00:00Z","2019-06-08T08:25:00Z"
1,"af","confirmed","mrs","ory","2019-03-18T09:20:00Z","2019-03-18T10:45:00Z"
1,"af","confirmed","ory","mrs","2019-03-19T20:40:00Z","2019-03-19T21:55:00Z"
1,"af","confirmed","cdg","muc","2019-04-10T13:05:00Z","2019-04-10T14:40:00Z"
1,"dl","confirmed","slc","cdg","2019-04-09T17:04:00Z","2019-04-10T11:25:00Z"
3,"kl","confirmed","ams","cph","2019-03-25T15:15:00Z","2019-03-25T16:35:00Z"
3,"kl","confirmed","cph","ams","2019-03-28T12:05:00Z","2019-03-28T13:35:00Z"
1,"af","seat_available","cdg","mrs","2019-03-18T21:40:00Z","2019-03-18T23:00:00Z"
"","","","","","",""
1,"af","confirmed","biq","ory","2019-04-17T10:55:00Z","2019-04-17T12:20:00Z"
1,"af","confirmed","bes","ory","2019-04-08T17:00:00Z","2019-04-08T18:20:00Z"
1,"kl","confirmed","ord","ams","2019-03-24T17:25:00Z","2019-03-25T07:10:00Z"
1,"kl","confirmed","ams","ord","2019-03-18T12:40:00Z","2019-03-18T15:25:00Z"
1,"ux","confirmed","ams","mad","2019-03-21T11:05:00Z","2019-03-21T13:40:00Z"
1,"kl","confirmed","bgo","ams","2019-03-21T06:10:00Z","2019-03-21T07:55:00Z"
11,"kl","confirmed","lis","ams","2019-03-17T15:25:00Z","2019-03-17T19:35:00Z"
11,"kl","confirmed","ams","lis","2019-03-27T12:40:00Z","2019-03-27T14:35:00Z"
1,"ux","confirmed","pmi","bcn","2019-03-18T07:00:00Z","2019-03-18T07:50:00Z"
1,"hv","confirmed","bcn","ams","2019-03-18T10:00:00Z","2019-03-18T12:30:00Z"
15,"dl","confirmed","phx","dtw","2019-03-17T10:00:00Z","2019-03-17T16:49:00Z"
15,"af","confirmed","cdg","vie","2019-03-18T12:15:00Z","2019-03-18T14:10:00Z"
1,"kl","confirmed","ham","ams","2019-04-03T06:10:00Z","2019-04-03T07:15:00Z"
1,"kl","confirmed","ams","cpt","2019-04-03T10:05:00Z","2019-04-03T21:20:00Z"
2,"af","confirmed","biq","ory","2019-06-01T17:35:00Z","2019-06-01T19:00:00Z"
2,"af","confirmed","ory","biq","2019-05-28T14:05:00Z","2019-05-28T15:25:00Z"
8,"ba","confirmed","cpt","dur","2019-03-10T17:30:00Z","2019-03-10T19:30:00Z"
8,"af","confirmed","jnb","cdg","2019-03-17T19:50:00Z","2019-03-18T05:45:00Z"
1,"af","confirmed","cdg","zrh","2019-03-17T16:15:00Z","2019-03-17T17:30:00Z"
1,"af","confirmed","zrh","cdg","2019-03-10T09:35:00Z","2019-03-10T11:00:00Z"
1,"kl","confirmed","ams","pvg","2019-03-17T17:15:00Z","2019-03-18T10:50:00Z"
1,"kl","confirmed","pvg","ams","2019-03-20T12:40:00Z","2019-03-20T17:45:00Z"
2,"af","confirmed","fih","cdg","2019-09-03T21:05:00Z","2019-09-04T06:10:00Z"
2,"af","confirmed","cdg","fih","2019-06-30T11:25:00Z","2019-06-30T18:20:00Z"
2,"kl","confirmed","ams","dxb","2019-03-17T17:10:00Z","2019-03-18T02:55:00Z"
2,"kl","confirmed","ams","mex","2019-04-05T14:30:00Z","2019-04-05T17:55:00Z"
2,"dl","confirmed","jfk","ams","2019-05-20T16:09:00Z","2019-05-21T05:55:00Z"
2,"af","confirmed","cdg","jfk","2019-05-31T14:00:00Z","2019-05-31T16:25:00Z"
1,"af","confirmed","cdg","gig","2019-03-13T23:35:00Z","2019-03-14T07:10:00Z"
1,"af","confirmed","cdg","gva","2019-03-18T15:00:00Z","2019-03-18T16:15:00Z"
2,"af","confirmed","nce","ory","2019-03-18T18:30:00Z","2019-03-18T20:00:00Z"
2,"af","confirmed","ory","nce","2019-03-26T18:35:00Z","2019-03-26T20:00:00Z"
1,"kl","confirmed","ams","edi","2019-03-16T08:05:00Z","2019-03-16T08:35:00Z"
1,"kl","confirmed","edi","ams","2019-03-18T17:05:00Z","2019-03-18T19:35:00Z"
1,"af","confirmed","cdg","nue","2019-04-12T08:15:00Z","2019-04-12T09:45:00Z"
1,"af","confirmed","cdg","tlv","2019-04-22T18:00:00Z","2019-04-22T23:30:00Z"
1,"be","confirmed","man","cdg","2019-03-30T06:10:00Z","2019-03-30T08:50:00Z"
1,"af","confirmed","cdg","man","2019-03-26T13:10:00Z","2019-03-26T13:40:00Z"
2,"uu","confirmed","run","cdg","2019-06-29T20:15:00Z","2019-06-30T05:30:00Z"
2,"af","confirmed","cdg","zrh","2019-06-30T07:35:00Z","2019-06-30T08:50:00Z"
2,"kl","confirmed","bkk","ams","2019-03-29T12:15:00Z","2019-03-29T18:30:00Z"
2,"kl","confirmed","ams","bkk","2019-03-18T17:15:00Z","2019-03-19T10:05:00Z"
1,"kl","confirmed","ams","dps","2019-03-18T21:00:00Z","2019-03-19T20:20:00Z"
1,"kl","confirmed","ams","bod","2019-04-02T09:25:00Z","2019-04-02T11:05:00Z"
1,"af","confirmed","ams","cdg","2019-03-18T20:30:00Z","2019-03-18T21:45:00Z"
1,"g3","confirmed","gig","for","2019-03-21T12:35:00Z","2019-03-21T15:45:00Z"
1,"af","confirmed","tls","ory","2019-03-18T18:30:00Z","2019-03-18T19:55:00Z"
1,"af","confirmed","ory","tls","2019-03-18T07:30:00Z","2019-03-18T08:45:00Z"
1,"af","confirmed","tls","ory","2019-03-18T06:00:00Z","2019-03-18T07:20:00Z"
1,"af","confirmed","ory","tls","2019-03-22T18:20:00Z","2019-03-22T19:35:00Z"
1,"ke","confirmed","icn","cdg","2019-03-18T09:55:00Z","2019-03-18T14:20:00Z"
1,"ke","confirmed","icn","pus","2019-03-29T17:15:00Z","2019-03-29T18:20:00Z"
8,"ba","confirmed","cpt","dur","2019-03-10T17:30:00Z","2019-03-10T19:30:00Z"
8,"af","confirmed","jnb","cdg","2019-03-17T19:50:00Z","2019-03-18T05:45:00Z"
1,"af","confirmed","beg","cdg","2019-06-16T15:25:00Z","2019-06-16T17:55:00Z"
1,"af","confirmed","cdg","beg","2019-06-13T12:20:00Z","2019-06-13T14:35:00Z"
1,"af","confirmed","ory","nce","2019-03-14T08:10:00Z","2019-03-14T09:35:00Z"
"","","","","","",""
1,"kl","confirmed","cdg","ams","2019-01-01T09:35:00Z","2019-01-01T11:00:00Z"
1,"af","confirmed","lim","cdg","2019-01-13T21:50:00Z","2019-01-14T16:15:00Z"
1,"dl","confirmed","cdg","msp","2019-03-27T10:10:00Z","2019-03-27T13:07:00Z"
1,"kl","confirmed","ams","bru","2019-03-18T13:30:00Z","2019-03-18T14:15:00Z"
1,"dl","confirmed","dtw","ams","2019-05-13T20:18:00Z","2019-05-14T10:25:00Z"
1,"dl","confirmed","ord","dtw","2019-05-13T17:03:00Z","2019-05-13T19:27:00Z"
1,"ok","confirmed","cdg","prg","2019-03-19T20:10:00Z","2019-03-19T21:55:00Z"
1,"kl","confirmed","ams","hkg","2019-01-11T17:40:00Z","2019-01-12T11:55:00Z"
1,"af","confirmed","cdg","ham","2019-04-07T12:15:00Z","2019-04-07T13:50:00Z"
1,"af","confirmed","ham","cdg","2019-03-22T17:55:00Z","2019-03-22T19:35:00Z"
1,"a5","confirmed","lil","lys","2019-04-05T17:40:00Z","2019-04-05T18:55:00Z"
1,"a5","confirmed","lys","lil","2019-04-08T08:35:00Z","2019-04-08T09:50:00Z"
1,"af","confirmed","cdg","tlv","2019-05-21T18:00:00Z","2019-05-21T23:30:00Z"
1,"af","confirmed","tlv","cdg","2019-06-07T16:40:00Z","2019-06-07T20:45:00Z"
2,"af","confirmed","cdg","vce","2019-03-17T15:25:00Z","2019-03-17T17:00:00Z"
"","","","","","",""
1,"a5","confirmed","rns","lys","2019-03-20T14:00:00Z","2019-03-20T15:20:00Z"
1,"a5","confirmed","lys","rns","2019-03-19T08:25:00Z","2019-03-19T09:50:00Z"
1,"af","confirmed","ory","mpl","2019-05-21T09:15:00Z","2019-05-21T10:30:00Z"
1,"af","confirmed","ory","run","2019-06-20T21:00:00Z","2019-06-21T10:00:00Z"
2,"af","confirmed","arn","cdg","2019-04-14T13:35:00Z","2019-04-14T16:15:00Z"
"","","","","","",""
2,"dl","confirmed","atl","bna","2019-08-06T19:00:00Z","2019-08-06T19:10:00Z"
2,"af","confirmed","atl","cdg","2019-08-18T19:55:00Z","2019-08-19T10:25:00Z"
1,"kl","confirmed","ams","kul","2019-03-23T20:50:00Z","2019-03-24T15:50:00Z"
1,"kl","confirmed","kul","ams","2019-03-17T23:50:00Z","2019-03-18T05:55:00Z"
1,"kl","confirmed","ams","kul","2019-03-23T20:50:00Z","2019-03-24T15:50:00Z"
1,"kl","confirmed","ams","got","2019-03-18T08:00:00Z","2019-03-18T09:30:00Z"
1,"kl","confirmed","atl","ams","2019-08-26T22:40:00Z","2019-08-27T12:55:00Z"
1,"dl","confirmed","lax","smf","2019-07-31T14:19:00Z","2019-07-31T15:43:00Z"
1,"af","confirmed","cdg","cmn","2019-03-13T07:10:00Z","2019-03-13T10:20:00Z"
1,"af","confirmed","cmn","cdg","2019-03-17T16:30:00Z","2019-03-17T19:45:00Z"
9,"kl","confirmed","pvg","ams","2019-03-18T00:15:00Z","2019-03-18T05:20:00Z"
"","","","","","",""
1,"kl","confirmed","lcy","ams","2019-07-26T17:50:00Z","2019-07-26T20:05:00Z"
1,"kl","confirmed","ams","gdn","2019-07-26T20:50:00Z","2019-07-26T22:30:00Z"
1,"kl","confirmed","los","ams","2019-03-17T22:55:00Z","2019-03-18T05:45:00Z"
1,"kl","confirmed","dub","ams","2019-03-15T08:50:00Z","2019-03-15T11:25:00Z"
2,"af","confirmed","bos","cdg","2019-09-05T18:05:00Z","2019-09-06T07:00:00Z"
2,"af","confirmed","cdg","jfk","2019-08-21T14:00:00Z","2019-08-21T16:25:00Z"
1,"af","confirmed","lfw","cdg","2019-07-01T01:10:00Z","2019-07-01T09:35:00Z"
1,"af","confirmed","cdg","lfw","2019-04-05T16:30:00Z","2019-04-05T20:55:00Z"
3,"af","confirmed","cdg","cai","2019-06-20T16:00:00Z","2019-06-20T20:40:00Z"
3,"af","confirmed","fco","cdg","2019-06-20T06:30:00Z","2019-06-20T08:40:00Z"
1,"kl","confirmed","man","ams","2019-03-18T17:25:00Z","2019-03-18T19:50:00Z"
1,"kl","confirmed","ams","man","2019-03-17T21:35:00Z","2019-03-17T21:50:00Z"
1,"af","confirmed","bhx","cdg","2019-06-12T13:55:00Z","2019-06-12T16:15:00Z"
1,"af","confirmed","hnd","cdg","2019-06-26T22:55:00Z","2019-06-27T04:35:00Z"
1,"af","confirmed","tun","cdg","2019-04-28T09:50:00Z","2019-04-28T13:25:00Z"
1,"af","confirmed","cdg","tun","2019-04-24T16:25:00Z","2019-04-24T17:50:00Z"
1,"kl","seat_available","cdg","ams","2019-03-21T18:40:00Z","2019-03-21T20:00:00Z"
1,"kl","seat_available","ams","cdg","2019-03-18T12:25:00Z","2019-03-18T13:40:00Z"
1,"af","confirmed","ory","fdf","2019-03-18T15:55:00Z","2019-03-18T19:50:00Z"
1,"af","confirmed","fdf","ory","2019-03-23T19:10:00Z","2019-03-24T08:25:00Z"
2,"af","confirmed","arn","cdg","2019-04-14T13:35:00Z","2019-04-14T16:15:00Z"
"","","","","","",""
3,"dl","confirmed","cdg","cvg","2019-03-21T10:25:00Z","2019-03-21T14:49:00Z"
3,"af","confirmed","cai","cdg","2019-03-21T01:55:00Z","2019-03-21T05:55:00Z"
60,"kl","confirmed","ams","fco","2019-03-20T06:55:00Z","2019-03-20T09:10:00Z"
60,"kl","confirmed","fco","ams","2019-03-24T12:45:00Z","2019-03-24T15:20:00Z"
2,"cm","confirmed","dav","pty","2019-03-17T09:30:00Z","2019-03-17T10:34:00Z"
2,"kl","confirmed","pty","ams","2019-03-17T18:50:00Z","2019-03-18T11:00:00Z"
1,"af","confirmed","tlv","cdg","2019-03-17T18:10:00Z","2019-03-17T22:20:00Z"
1,"af","confirmed","cdg","gig","2019-03-17T23:35:00Z","2019-03-18T07:10:00Z"
1,"kl","confirmed","ams","bre","2019-03-19T09:35:00Z","2019-03-19T10:30:00Z"
1,"tg","confirmed","bkk","mnl","2019-03-13T07:45:00Z","2019-03-13T11:55:00Z"
1,"jl","confirmed","hnd","itm","2019-03-25T08:30:00Z","2019-03-25T09:35:00Z"
1,"af","confirmed","hnd","cdg","2019-03-17T23:50:00Z","2019-03-18T04:50:00Z"
2,"kl","unaccepted","ams","dxb","2019-03-17T14:35:00Z","2019-03-18T00:05:00Z"
2,"kl","confirmed","ams","dxb","2019-03-17T17:10:00Z","2019-03-18T02:55:00Z"
1,"af","confirmed","txl","cdg","2019-03-17T20:35:00Z","2019-03-17T22:20:00Z"
"","","","","","",""
1,"kl","confirmed","lhr","ams","2019-03-20T06:30:00Z","2019-03-20T09:00:00Z"
1,"kl","confirmed","ams","lhr","2019-03-21T17:35:00Z","2019-03-21T17:55:00Z"
1,"kq","confirmed","nbo","ebb","2019-03-19T07:00:00Z","2019-03-19T08:20:00Z"
1,"kq","confirmed","dxb","nbo","2019-03-19T01:45:00Z","2019-03-19T05:50:00Z"
1,"af","confirmed","ory","mpl","2019-05-21T09:15:00Z","2019-05-21T10:30:00Z"
1,"af","confirmed","ory","run","2019-06-20T21:00:00Z","2019-06-21T10:00:00Z"
2,"kq","confirmed","nbo","mba","2019-03-20T17:00:00Z","2019-03-20T18:00:00Z"
2,"kq","confirmed","nbo","ebb","2019-03-24T11:30:00Z","2019-03-24T12:45:00Z"
1,"af","confirmed","cdg","tun","2019-08-01T16:25:00Z","2019-08-01T17:50:00Z"
1,"af","confirmed","tun","cdg","2019-08-22T11:40:00Z","2019-08-22T15:10:00Z"
2,"ob","confirmed","vvi","mad","2019-05-07T20:45:00Z","2019-05-08T14:15:00Z"
2,"kl","confirmed","fra","ams","2019-03-18T14:15:00Z","2019-03-18T15:30:00Z"
11,"kl","confirmed","ams","lis","2019-03-27T12:40:00Z","2019-03-27T14:35:00Z"
11,"kl","confirmed","ams","gla","2019-03-17T21:25:00Z","2019-03-17T22:00:00Z"
1,"af","confirmed","cdg","bom","2019-03-26T10:20:00Z","2019-03-26T23:55:00Z"
1,"af","confirmed","bom","cdg","2019-03-29T01:45:00Z","2019-03-29T07:15:00Z"
1,"9w","confirmed","hyd","bom","2019-04-05T21:35:00Z","2019-04-05T23:25:00Z"
1,"af","confirmed","bom","cdg","2019-04-06T01:55:00Z","2019-04-06T08:05:00Z"
2,"kl","confirmed","jfk","ams","2019-03-25T22:30:00Z","2019-03-26T10:40:00Z"
2,"kl","confirmed","ams","jfk","2019-03-21T17:15:00Z","2019-03-21T20:30:00Z"
1,"af","seat_available","cdg","gva","2019-03-17T16:15:00Z","2019-03-17T17:25:00Z"
"","","","","","",""
1,"af","seat_available","fco","cdg","2019-03-18T13:05:00Z","2019-03-18T15:20:00Z"
"","","","","","",""
1,"af","confirmed","tun","cdg","2019-04-28T09:50:00Z","2019-04-28T13:25:00Z"
1,"af","confirmed","cdg","tun","2019-04-24T16:25:00Z","2019-04-24T17:50:00Z"
2,"af","confirmed","cdg","yul","2019-03-17T18:15:00Z","2019-03-17T21:05:00Z"
2,"af","confirmed","yul","cdg","2019-03-29T23:15:00Z","2019-03-30T11:15:00Z"
1,"af","confirmed","cdg","gig","2019-03-17T23:35:00Z","2019-03-18T07:10:00Z"
1,"af","confirmed","tlv","cdg","2019-03-17T18:10:00Z","2019-03-17T22:20:00Z"
1,"kl","confirmed","cdg","ams","2019-03-22T09:05:00Z","2019-03-22T10:40:00Z"
1,"sv","confirmed","ruh","cdg","2019-03-22T02:10:00Z","2019-03-22T07:00:00Z"
1,"kl","confirmed","spu","ams","2019-08-22T17:30:00Z","2019-08-22T19:55:00Z"
"","","","","","",""
2,"af","confirmed","cdg","rns","2019-10-06T20:45:00Z","2019-10-06T21:45:00Z"
2,"af","confirmed","mad","cdg","2019-10-06T17:40:00Z","2019-10-06T19:45:00Z"
2,"kl","confirmed","waw","ams","2019-04-20T12:25:00Z","2019-04-20T14:30:00Z"
2,"kl","confirmed","ams","waw","2019-04-28T14:30:00Z","2019-04-28T16:25:00Z"
1,"af","confirmed","cdg","tun","2019-08-01T16:25:00Z","2019-08-01T17:50:00Z"
1,"af","confirmed","tun","cdg","2019-08-22T11:40:00Z","2019-08-22T15:10:00Z"
1,"af","confirmed","cdg","waw","2019-03-18T09:45:00Z","2019-03-18T12:00:00Z"
1,"af","confirmed","waw","cdg","2019-03-20T13:00:00Z","2019-03-20T15:30:00Z"
1,"mu","confirmed","pvg","cdg","2019-05-15T12:50:00Z","2019-05-15T19:15:00Z"
1,"af","confirmed","lis","cdg","2019-03-18T05:30:00Z","2019-03-18T09:05:00Z"
1,"af","waiting_list","mrs","ory","2019-03-17T16:20:00Z","2019-03-17T17:40:00Z"
1,"af","confirmed","mrs","ory","2019-03-17T19:15:00Z","2019-03-17T20:30:00Z"
1,"kq","confirmed","kis","nbo","2019-03-17T18:40:00Z","2019-03-17T19:30:00Z"
1,"kq","confirmed","nbo","bjm","2019-03-18T07:20:00Z","2019-03-18T09:15:00Z"
1,"af","confirmed","cdg","ham","2019-05-19T15:55:00Z","2019-05-19T17:25:00Z"
1,"af","confirmed","ham","cdg","2019-05-17T18:15:00Z","2019-05-17T19:50:00Z"
1,"dl","confirmed","gtr","atl","2019-02-15T16:00:00Z","2019-02-15T18:24:00Z"
1,"tk","confirmed","ist","dmm","2019-02-16T20:50:00Z","2019-02-17T00:40:00Z"
1,"af","confirmed","cdg","hkg","2019-05-02T23:35:00Z","2019-05-03T17:35:00Z"
1,"af","confirmed","hkg","cdg","2019-03-31T22:50:00Z","2019-04-01T05:55:00Z"
1,"kq","confirmed","nbo","ebb","2019-03-19T07:00:00Z","2019-03-19T08:20:00Z"
1,"kq","confirmed","dxb","nbo","2019-03-19T01:45:00Z","2019-03-19T05:50:00Z"
30,"af","confirmed","cdg","cpt","2019-03-07T09:35:00Z","2019-03-07T22:10:00Z"
30,"ba","confirmed","cpt","dur","2019-03-10T17:30:00Z","2019-03-10T19:30:00Z"
1,"ay","confirmed","cdg","hel","2019-04-15T19:00:00Z","2019-04-15T22:55:00Z"
1,"ay","confirmed","hel","cdg","2019-04-18T12:15:00Z","2019-04-18T14:20:00Z"
1,"a5","confirmed","biq","lys","2019-03-21T06:35:00Z","2019-03-21T07:50:00Z"
1,"a5","confirmed","lys","biq","2019-03-25T16:10:00Z","2019-03-25T17:25:00Z"
11,"kl","confirmed","ams","lis","2019-03-27T12:40:00Z","2019-03-27T14:35:00Z"
11,"kl","confirmed","ams","gla","2019-03-17T21:25:00Z","2019-03-17T22:00:00Z"
19,"af","confirmed","cdg","atl","2019-03-17T14:05:00Z","2019-03-17T18:55:00Z"
19,"dl","confirmed","atl","xna","2019-03-17T21:56:00Z","2019-03-17T22:55:00Z"
2,"be","confirmed","sou","egc","2019-06-15T10:25:00Z","2019-06-15T13:05:00Z"
2,"be","confirmed","egc","sou","2019-06-22T13:35:00Z","2019-06-22T14:15:00Z"
6,"kl","confirmed","lis","ams","2019-08-20T15:35:00Z","2019-08-20T19:35:00Z"
"","","","","","",""
1,"kl","confirmed","ams","tpe","2019-04-30T20:55:00Z","2019-05-01T15:00:00Z"
1,"kl","confirmed","tpe","ams","2019-04-01T23:55:00Z","2019-04-02T06:55:00Z"
2,"af","confirmed","ory","nce","2019-04-05T21:30:00Z","2019-04-05T22:55:00Z"
2,"af","confirmed","nce","cdg","2019-04-07T20:30:00Z","2019-04-07T22:05:00Z"
7,"kl","confirmed","ams","slc","2019-03-31T17:00:00Z","2019-03-31T18:55:00Z"
7,"dl","confirmed","slc","ams","2019-03-18T14:45:00Z","2019-03-19T07:50:00Z"
1,"a5","confirmed","biq","lys","2019-03-21T06:35:00Z","2019-03-21T07:50:00Z"
1,"a5","confirmed","lys","biq","2019-03-25T16:10:00Z","2019-03-25T17:25:00Z"
1,"cz","confirmed","can","ams","2019-03-22T00:05:00Z","2019-03-22T05:55:00Z"
1,"kl","confirmed","aal","ams","2019-03-18T06:00:00Z","2019-03-18T07:25:00Z"
1,"af","confirmed","atl","cdg","2019-03-17T18:35:00Z","2019-03-18T07:55:00Z"
1,"af","confirmed","blr","cdg","2019-03-09T01:50:00Z","2019-03-09T08:15:00Z"
4,"af","confirmed","cdg","sjo","2019-11-30T13:50:00Z","2019-11-30T18:30:00Z"
4,"kl","confirmed","ams","hel","2019-12-14T20:30:00Z","2019-12-14T23:55:00Z"
1,"af","confirmed","ory","biq","2019-03-15T13:45:00Z","2019-03-15T15:05:00Z"
1,"af","waiting_list","biq","ory","2019-03-18T06:45:00Z","2019-03-18T08:15:00Z"
7,"kl","confirmed","ams","slc","2019-03-31T17:00:00Z","2019-03-31T18:55:00Z"
7,"dl","confirmed","slc","ams","2019-03-18T14:45:00Z","2019-03-19T07:50:00Z"
1,"kq","confirmed","jnb","nbo","2019-03-29T12:10:00Z","2019-03-29T17:15:00Z"
1,"kq","confirmed","nbo","jnb","2019-03-25T07:45:00Z","2019-03-25T10:55:00Z"
1,"af","confirmed","dus","cdg","2019-03-23T09:15:00Z","2019-03-23T10:30:00Z"
1,"kl","confirmed","ams","bhx","2019-03-13T16:40:00Z","2019-03-13T16:50:00Z"
2,"kl","unaccepted","ams","dxb","2019-03-17T14:35:00Z","2019-03-18T00:05:00Z"
2,"kl","confirmed","ams","dxb","2019-03-17T17:10:00Z","2019-03-18T02:55:00Z"
1,"af","confirmed","ory","fdf","2019-03-18T13:15:00Z","2019-03-18T17:00:00Z"
1,"af","confirmed","fdf","ory","2018-07-03T18:10:00Z","2018-07-04T08:15:00Z"
1,"af","confirmed","cdg","scl","2019-03-18T23:40:00Z","2019-03-19T10:15:00Z"
1,"af","confirmed","man","cdg","2019-03-18T19:45:00Z","2019-03-18T22:10:00Z"
2,"kl","confirmed","ams","eze","2019-09-12T21:05:00Z","2019-09-13T05:50:00Z"
2,"hv","confirmed","agp","ams","2019-09-12T13:05:00Z","2019-09-12T16:10:00Z"
1,"kq","unaccepted","nbo","kis","2019-03-02T06:15:00Z","2019-03-02T07:05:00Z"
1,"kq","confirmed","kis","nbo","2019-03-17T18:40:00Z","2019-03-17T19:30:00Z"
1,"af","confirmed","cdg","tlv","2019-04-30T09:45:00Z","2019-04-30T15:20:00Z"
1,"dl","confirmed","atl","cdg","2019-04-29T15:32:00Z","2019-04-30T06:00:00Z"
3,"af","confirmed","cdg","jib","2019-04-12T23:40:00Z","2019-04-13T08:10:00Z"
3,"af","confirmed","cdg","iad","2019-04-07T13:15:00Z","2019-04-07T15:40:00Z"
1,"af","confirmed","cdg","str","2018-12-02T16:45:00Z","2018-12-02T18:00:00Z"
1,"af","confirmed","str","cdg","2018-12-06T11:45:00Z","2018-12-06T13:10:00Z"
1,"ay","confirmed","cdg","hel","2019-04-15T19:00:00Z","2019-04-15T22:55:00Z"
1,"ay","confirmed","hel","cdg","2019-04-18T12:15:00Z","2019-04-18T14:20:00Z"
4,"xk","confirmed","ory","bia","2019-06-26T17:50:00Z","2019-06-26T19:25:00Z"
4,"af","confirmed","cdg","got","2019-07-06T15:00:00Z","2019-07-06T17:05:00Z"
5,"af","confirmed","cdg","cmn","2019-04-21T15:00:00Z","2019-04-21T17:10:00Z"
5,"af","confirmed","cmn","cdg","2019-05-07T10:05:00Z","2019-05-07T14:10:00Z"
1,"a5","confirmed","mrs","cfr","2019-03-21T10:05:00Z","2019-03-21T11:40:00Z"
"","","","","","",""
3,"dl","confirmed","bom","cmb","2018-09-21T02:05:00Z","2018-09-21T04:35:00Z"
3,"af","confirmed","yul","cdg","2018-09-19T19:40:00Z","2018-09-20T08:30:00Z"
1,"kl","confirmed","gva","ams","2019-03-17T17:30:00Z","2019-03-17T19:15:00Z"
1,"kl","confirmed","ams","gva","2019-03-14T06:55:00Z","2019-03-14T08:25:00Z"
1,"kl","confirmed","ams","cph","2019-05-26T17:00:00Z","2019-05-26T18:20:00Z"
1,"kl","confirmed","cph","ams","2019-05-27T19:10:00Z","2019-05-27T20:35:00Z"
1,"af","confirmed","cdg","ork","2019-06-02T09:50:00Z","2019-06-02T10:40:00Z"
1,"af","confirmed","ork","cdg","2019-06-08T11:35:00Z","2019-06-08T14:20:00Z"
1,"a5","confirmed","nte","lil","2019-03-18T20:35:00Z","2019-03-18T21:45:00Z"
"","","","","","",""
1,"af","confirmed","gig","cdg","2019-03-18T16:30:00Z","2019-03-19T07:35:00Z"
1,"kl","confirmed","bcn","ams","2019-03-28T06:00:00Z","2019-03-28T08:30:00Z"
1,"kl","confirmed","dps","ams","2019-04-03T20:35:00Z","2019-04-04T07:35:00Z"
1,"af","confirmed","bod","cdg","2019-03-18T18:20:00Z","2019-03-18T19:45:00Z"
2,"kl","confirmed","cgk","kul","2019-03-24T19:25:00Z","2019-03-24T22:30:00Z"
2,"kl","confirmed","kul","cgk","2019-03-29T17:05:00Z","2019-03-29T18:10:00Z"
1,"kl","confirmed","ams","uio","2019-03-02T10:15:00Z","2019-03-02T16:15:00Z"
1,"kl","confirmed","ams","bru","2019-03-18T16:50:00Z","2019-03-18T17:30:00Z"
1,"kq","confirmed","mba","nbo","2019-03-19T08:10:00Z","2019-03-19T09:10:00Z"
"","","","","","",""
1,"kq","confirmed","lhr","nbo","2019-03-18T17:25:00Z","2019-03-19T05:00:00Z"
1,"kq","confirmed","ebb","nbo","2019-03-21T20:30:00Z","2019-03-21T21:40:00Z"
2,"dl","confirmed","msy","atl","2019-08-18T16:33:00Z","2019-08-18T19:11:00Z"
2,"af","confirmed","cdg","atl","2019-08-06T13:30:00Z","2019-08-06T17:00:00Z"
1,"af","confirmed","nce","ory","2019-05-09T08:40:00Z","2019-05-09T10:10:00Z"
"","","","","","",""
1,"af","confirmed","tln","ory","2019-01-30T06:50:00Z","2019-01-30T08:25:00Z"
1,"af","confirmed","ory","tln","2019-04-03T14:10:00Z","2019-04-03T15:35:00Z"
2,"af","confirmed","bod","ory","2019-04-16T08:10:00Z","2019-04-16T09:25:00Z"
2,"af","confirmed","ory","bod","2019-05-15T16:50:00Z","2019-05-15T18:00:00Z"
1,"af","confirmed","cdg","lhr","2019-03-10T10:00:00Z","2019-03-10T10:30:00Z"
1,"af","confirmed","lhr","cdg","2019-03-17T15:35:00Z","2019-03-17T17:55:00Z"
1,"af","confirmed","cdg","cai","2019-04-13T16:00:00Z","2019-04-13T20:40:00Z"
1,"af","confirmed","cai","cdg","2019-04-22T02:10:00Z","2019-04-22T07:00:00Z"
1,"kl","confirmed","vxo","ams","2019-08-17T14:05:00Z","2019-08-17T15:45:00Z"
1,"kl","confirmed","ams","vxo","2019-07-30T12:00:00Z","2019-07-30T13:35:00Z"
1,"af","confirmed","str","cdg","2019-03-18T06:00:00Z","2019-03-18T07:25:00Z"
1,"af","confirmed","cdg","mex","2019-03-18T11:00:00Z","2019-03-18T16:20:00Z"
2,"dl","confirmed","cdg","sea","2019-12-16T10:30:00Z","2019-12-16T12:30:00Z"
2,"af","confirmed","cdg","ham","2020-01-09T15:30:00Z","2020-01-09T17:05:00Z"
4,"kl","confirmed","tlv","ams","2019-04-16T04:45:00Z","2019-04-16T08:45:00Z"
4,"kl","confirmed","nrt","ams","2019-04-24T10:25:00Z","2019-04-24T15:05:00Z"
3,"kl","confirmed","hkg","ams","2019-05-12T12:20:00Z","2019-05-12T18:35:00Z"
3,"kl","confirmed","ams","hkg","2019-05-03T17:15:00Z","2019-05-04T10:20:00Z"
1,"af","unaccepted","ory","tls","2019-03-17T16:30:00Z","2019-03-17T17:45:00Z"
1,"af","seat_available","ory","tls","2019-03-17T15:25:00Z","2019-03-17T16:40:00Z"
1,"me","confirmed","bey","cdg","2019-03-15T02:05:00Z","2019-03-15T05:45:00Z"
1,"af","confirmed","cdg","mia","2019-03-15T10:10:00Z","2019-03-15T15:10:00Z"
1,"af","confirmed","hnd","cdg","2019-03-18T23:50:00Z","2019-03-19T04:50:00Z"
1,"af","confirmed","cdg","hnd","2019-03-23T23:20:00Z","2019-03-24T19:25:00Z"
3,"kl","confirmed","bll","ams","2019-04-03T10:05:00Z","2019-04-03T11:15:00Z"
3,"dl","confirmed","ams","mco","2019-04-03T14:45:00Z","2019-04-03T19:11:00Z"
46,"af","confirmed","cdg","bog","2019-03-17T17:15:00Z","2019-03-17T22:05:00Z"
46,"kl","confirmed","ctg","ams","2019-03-24T18:40:00Z","2019-03-25T10:10:00Z"
1,"af","confirmed","cdg","lhr","2019-03-18T16:15:00Z","2019-03-18T16:40:00Z"
"","","","","","",""
1,"kq","confirmed","mpm","nbo","2019-10-18T15:05:00Z","2019-10-18T20:00:00Z"
1,"kq","confirmed","nbo","cdg","2019-10-18T23:50:00Z","2019-10-19T07:30:00Z"
1,"af","seat_available","sin","cdg","2019-03-17T23:10:00Z","2019-03-18T06:10:00Z"
"","","","","","",""
1,"af","confirmed","cdg","lax","2019-03-22T10:20:00Z","2019-03-22T14:05:00Z"
1,"af","confirmed","bcn","cdg","2019-03-22T06:25:00Z","2019-03-22T08:25:00Z"
2,"af","confirmed","fdf","ory","2019-11-06T19:10:00Z","2019-11-07T08:25:00Z"
2,"af","confirmed","ory","bes","2019-11-07T13:00:00Z","2019-11-07T14:10:00Z"
2,"a5","confirmed","rns","nce","2019-05-24T10:45:00Z","2019-05-24T12:25:00Z"
"","","","","","",""
1,"af","confirmed","cdg","dtw","2019-05-01T15:40:00Z","2019-05-01T18:15:00Z"
1,"af","confirmed","cdg","cmn","2019-04-18T12:25:00Z","2019-04-18T14:35:00Z"
1,"at","confirmed","cmn","bko","2019-04-06T22:30:00Z","2019-04-07T01:05:00Z"
1,"at","confirmed","bko","cmn","2019-03-18T02:35:00Z","2019-03-18T06:50:00Z"
2,"kl","confirmed","ams","aua","2019-07-01T12:05:00Z","2019-07-01T16:00:00Z"
2,"kl","confirmed","aua","ams","2019-07-16T17:15:00Z","2019-07-17T10:30:00Z"
1,"kl","confirmed","bll","ams","2019-06-21T10:05:00Z","2019-06-21T11:15:00Z"
1,"kl","confirmed","ams","bll","2019-06-23T21:35:00Z","2019-06-23T22:45:00Z"
1,"kl","confirmed","dmm","ams","2019-02-13T01:40:00Z","2019-02-13T06:30:00Z"
1,"dl","confirmed","lit","atl","2019-03-17T12:09:00Z","2019-03-17T14:40:00Z"
2,"dl","confirmed","jfk","nce","2019-08-14T20:15:00Z","2019-08-15T10:25:00Z"
2,"dl","confirmed","nce","jfk","2019-07-15T12:15:00Z","2019-07-15T15:18:00Z"
2,"be","confirmed","egc","bhx","2019-08-17T13:45:00Z","2019-08-17T14:45:00Z"
"","","","","","",""
2,"kl","confirmed","ams","dps","2019-03-17T21:00:00Z","2019-03-18T20:20:00Z"
2,"bt","confirmed","rix","ams","2019-03-17T16:25:00Z","2019-03-17T17:50:00Z"
2,"xk","confirmed","aja","ory","2019-09-12T10:15:00Z","2019-09-12T11:50:00Z"
2,"xk","confirmed","ory","aja","2019-09-16T17:45:00Z","2019-09-16T19:20:00Z"
2,"ci","confirmed","ams","tpe","2019-04-27T11:00:00Z","2019-04-28T06:00:00Z"
2,"ci","confirmed","tpe","vie","2019-03-17T23:35:00Z","2019-03-18T06:05:00Z"
1,"a5","confirmed","lys","puf","2019-03-20T15:50:00Z","2019-03-20T17:25:00Z"
1,"a5","confirmed","puf","lys","2019-03-18T18:00:00Z","2019-03-18T19:30:00Z"
1,"kl","confirmed","lcy","ams","2019-03-18T18:55:00Z","2019-03-18T21:15:00Z"
"","","","","","",""
1,"kl","confirmed","ams","txl","2019-03-27T08:05:00Z","2019-03-27T09:25:00Z"
1,"kl","confirmed","ams","icn","2019-03-30T21:10:00Z","2019-03-31T15:40:00Z"
4,"a5","confirmed","lys","rns","2019-04-18T20:10:00Z","2019-04-18T21:35:00Z"
4,"a5","confirmed","nce","lys","2019-04-18T18:25:00Z","2019-04-18T19:25:00Z"
3,"dl","confirmed","dtw","jfk","2019-03-19T08:23:00Z","2019-03-19T10:16:00Z"
3,"dl","confirmed","dtw","ams","2019-02-16T18:23:00Z","2019-02-17T08:00:00Z"
2,"kl","confirmed","edi","ams","2019-04-01T06:00:00Z","2019-04-01T08:35:00Z"
2,"kl","confirmed","ams","edi","2019-03-26T08:10:00Z","2019-03-26T08:40:00Z"
1,"ba","waiting_list","lcy","ory","2019-03-18T08:25:00Z","2019-03-18T10:40:00Z"
1,"ba","waiting_list","cdg","lhr","2019-03-18T18:15:00Z","2019-03-18T18:25:00Z"
4,"sv","confirmed","jed","cdg","2019-08-28T03:45:00Z","2019-08-28T08:30:00Z"
4,"ws","confirmed","yhz","yyz","2019-06-02T15:00:00Z","2019-06-02T16:20:00Z"
1,"kl","confirmed","ams","cph","2019-06-17T17:00:00Z","2019-06-17T18:20:00Z"
1,"kl","confirmed","cph","ams","2019-03-17T17:25:00Z","2019-03-17T18:55:00Z"
1,"be","confirmed","man","cdg","2019-03-29T17:30:00Z","2019-03-29T20:00:00Z"
"","","","","","",""
1,"af","confirmed","ory","jfk","2019-03-27T14:10:00Z","2019-03-27T17:50:00Z"
1,"af","confirmed","cdg","txl","2019-03-18T07:20:00Z","2019-03-18T09:05:00Z"
2,"af","confirmed","ory","ptp","2018-10-23T12:05:00Z","2018-10-23T14:40:00Z"
2,"af","confirmed","mrs","ory","2018-10-23T08:45:00Z","2018-10-23T10:10:00Z"
1,"af","confirmed","amm","cdg","2019-04-04T01:25:00Z","2019-04-04T05:35:00Z"
1,"af","confirmed","cdg","dtw","2019-04-04T15:40:00Z","2019-04-04T18:15:00Z"
1,"kl","confirmed","lhr","ams","2019-06-19T19:15:00Z","2019-06-19T21:25:00Z"
1,"kl","confirmed","ams","lhr","2019-06-16T10:15:00Z","2019-06-16T10:45:00Z"
2,"kl","confirmed","lis","ams","2019-04-04T05:00:00Z","2019-04-04T09:00:00Z"
2,"vy","confirmed","bcn","mad","2019-03-22T09:45:00Z","2019-03-22T11:05:00Z"
2,"af","confirmed","fdf","ory","2019-11-06T19:10:00Z","2019-11-07T08:25:00Z"
2,"af","confirmed","ory","bes","2019-11-07T13:00:00Z","2019-11-07T14:10:00Z"
1,"kl","confirmed","ams","ord","2019-03-18T12:40:00Z","2019-03-18T15:25:00Z"
1,"kl","confirmed","ord","ams","2019-03-22T17:25:00Z","2019-03-23T07:10:00Z"